,country,year,PR,CL,Status,DD regime,DD category,Monarchy,Commonwealth,Democracy,Presidential,President name,President accesion,President birthyear,Interim phase (more than 2 Presidents/year=1),Female president (0: No; 1: Yes),Colony,Communist,Regime change lag,spatial democracy,countrycode,No. of chambers in parliament,proportional voting,Election system,No. of members in lower house,New constitution,fullsuffrage,electoral,spatial electoral,alternation,multiparty,free and fair election,parliamentary election year,postponed election,Anticorruption policy,Civil rights,Civil society participation,Civil society traditions,Cleavage conflict management,Commitment to democratic institutions,Conflict intensity,Consensus on goals,Antidemocratic actors,Education policy R&D,Effective power to govern,Effective use of support,Efficient use of assets,Environmental policy,Equal opportunity,Free and fair elections,Freedom of expression,Independent judiciary,Interest groups,International Cooperation,Monopoly on the use of force,No interference of religious dogmas,Association assembly rights,Organization of the Market and Competition,Party system,Performance of democratic institutions,Policy coordination,Policy learning,Political Participation,Political and Social Integration,Private Property,Prosecution of office abuse,Regional cooperation,Resource Efficiency,Separation of powers,Social capital,Social safety nets,Socioeconomic barriers,Stability of Democratic Institutions,State identity,Basic administration,Steering Capability,Structural constraints,Welfare Regime,gdp
33,afghanistan,2006,5.0,5.0,PF,3.0,Civilian dictatorship,0.0,0.0,0.0,1.0,Hamid Karzai,2001.0,1957.0,0.0,0.0,0.0,0.0,0.0,0,1.0,2.0,0.0,SNTV,249.0,0.0,1.0,2.0,1.5,0.0,1.0,0.0,1.0,0.0,1.0,2.0,4.0,10.0,4.0,3.0,9.0,3.0,5.0,1.0,3.0,10.0,4.0,1.0,1.0,4.0,4.0,1.0,1.0,8.0,2.0,2.0,6.0,3.5,2.0,3.0,2.0,5.0,4.25,2.33333333333333,6.0,3.0,7.0,2.33333333333333,3.0,4.0,1.0,1.0,3.0,6.0,2.0,4.33333333333333,10.0,1.0,263.733691663044
45,afghanistan,2018,5.0,6.0,NF,3.0,Civilian dictatorship,0.0,0.0,0.0,1.0,Ashraf Ghani,2014.0,1949.0,0.0,0.0,0.0,0.0,0.0,"0,25",1.0,2.0,0.0,SNTV,249.0,0.0,1.0,2.0,2.0,0.0,1.0,0.0,0.0,0.0,2.0,2.0,4.0,10.0,4.0,3.0,9.0,3.0,4.0,2.0,3.0,6.0,3.0,3.0,3.0,3.0,4.0,3.0,3.0,5.66666666666667,2.0,3.0,4.0,2.75,2.0,3.0,3.0,5.0,3.5,2.33333333333333,3.5,2.0,7.0,2.66666666666667,3.0,2.0,2.0,1.0,3.0,6.0,4.0,4.33333333333333,10.0,2.5,493.750418116312
81,albania,2006,3.0,3.0,PF,0.0,Parliamentary democracy,0.0,0.0,1.0,0.0,Alfred Spiro Moisiu,2002.0,1929.0,0.0,0.0,0.0,0.0,0.0,"0,8",2.0,1.0,0.0,Mixed-member SMD/PR,140.0,0.0,1.0,3.0,2.8,1.0,1.0,1.0,1.0,0.0,4.0,8.0,6.0,7.0,5.0,9.0,2.0,9.0,7.0,4.0,8.0,7.0,4.0,4.0,6.0,6.0,9.0,5.0,7.0,7.66666666666667,7.0,10.0,9.0,6.25,7.0,6.0,5.0,5.0,8.0,7.25,6.0,4.0,10.0,4.33333333333333,5.0,7.0,5.0,5.0,7.5,9.0,6.0,5.66666666666667,7.0,5.5,2972.74326462176
93,albania,2018,3.0,3.0,PF,0.0,Parliamentary democracy,0.0,0.0,1.0,0.0,Ilir Meta,2017.0,1969.0,0.0,0.0,0.0,0.0,0.0,"0,8",2.0,1.0,1.0,d'Hondt,140.0,0.0,1.0,3.0,2.8,1.0,1.0,1.0,0.0,0.0,5.0,8.0,7.0,7.0,6.0,8.0,3.0,8.0,7.0,5.0,7.0,7.0,5.0,5.0,6.0,7.0,7.0,5.0,6.0,7.66666666666667,10.0,10.0,9.0,8.25,6.0,6.0,7.0,7.0,7.5,6.5,7.0,4.0,9.0,5.66666666666667,4.0,6.0,7.0,6.0,7.0,9.0,7.0,7.33333333333333,6.0,6.5,5284.38018438156
129,algeria,2006,6.0,5.0,NF,3.0,Civilian dictatorship,0.0,0.0,0.0,1.0,Abdelaziz Bouteflika,1999.0,1937.0,0.0,0.0,0.0,0.0,0.0,"0,333333333",3.0,2.0,1.0,PR Hare quota,380.0,0.0,1.0,2.0,2.0,0.0,1.0,0.0,0.0,0.0,2.0,5.0,4.0,7.0,6.0,2.0,7.0,4.0,3.0,4.0,2.0,4.0,3.0,3.0,2.0,5.0,5.0,4.0,4.0,4.66666666666667,7.0,7.0,5.0,3.25,3.0,2.0,3.0,4.0,4.25,3.66666666666667,4.0,4.0,5.0,2.66666666666667,4.0,4.0,5.0,4.0,2.0,8.0,6.0,4.33333333333333,6.0,3.5,3478.71092859121
141,algeria,2018,6.0,5.0,NF,3.0,Civilian dictatorship,0.0,0.0,0.0,1.0,Abdelaziz Bouteflika,1999.0,1937.0,0.0,0.0,0.0,0.0,0.0,"0,5",3.0,2.0,1.0,PR Hare quota,462.0,0.0,1.0,2.0,2.5,0.0,1.0,0.0,0.0,0.0,5.0,5.0,5.0,5.0,6.0,2.0,6.0,5.0,4.0,4.0,2.0,5.0,4.0,5.0,5.0,5.0,6.0,4.0,6.0,5.66666666666667,8.0,6.0,5.0,4.5,4.0,3.0,5.0,4.0,4.5,5.0,4.5,4.0,6.0,4.66666666666667,4.0,5.0,6.0,5.0,2.5,8.0,8.0,4.66666666666667,7.0,5.5,4153.73397805915
321,argentina,2006,2.0,2.0,F,2.0,Presidential democracy,0.0,0.0,1.0,1.0,Nestor Kirchner,2003.0,1950.0,0.0,0.0,0.0,0.0,0.0,1,7.0,2.0,1.0,List PR (small multi-member),257.0,0.0,1.0,3.0,3.0,1.0,1.0,1.0,0.0,0.0,5.0,7.0,6.0,4.0,7.0,9.0,4.0,9.0,9.0,5.0,10.0,7.0,6.0,5.0,6.0,10.0,8.0,6.0,7.0,6.66666666666667,8.0,10.0,10.0,6.5,7.0,7.0,5.0,5.0,9.5,7.0,7.5,5.0,8.0,5.33333333333333,6.0,6.0,6.0,7.0,8.0,10.0,7.0,6.0,5.0,6.0,5919.01203707753
333,argentina,2018,2.0,2.0,F,2.0,Presidential democracy,0.0,0.0,1.0,1.0,Mauricio Macri,2015.0,1959.0,0.0,0.0,0.0,0.0,0.0,1,7.0,2.0,1.0,List PR (small multi-member),257.0,0.0,1.0,3.0,3.0,1.0,1.0,1.0,0.0,0.0,6.0,7.0,6.0,4.0,7.0,8.0,4.0,8.0,9.0,6.0,8.0,8.0,7.0,6.0,7.0,9.0,9.0,7.0,7.0,7.66666666666667,8.0,10.0,10.0,6.75,7.0,7.0,6.0,7.0,9.0,7.5,7.5,7.0,8.0,6.33333333333333,7.0,7.0,6.0,7.0,7.5,10.0,8.0,7.0,4.0,6.5,11633.4980086465
369,armenia,2006,5.0,4.0,PF,1.0,Mixed democratic,0.0,0.0,1.0,1.0,Robert Kocharian,1998.0,1954.0,0.0,0.0,0.0,0.0,0.0,"0,5",8.0,1.0,1.0,Parallel SMD/PR,131.0,0.0,1.0,3.0,2.25,1.0,1.0,1.0,0.0,0.0,5.0,6.0,5.0,4.0,6.0,3.0,3.0,7.0,7.0,4.0,3.0,7.0,5.0,6.0,5.0,6.0,5.0,4.0,5.0,7.0,9.0,9.0,6.0,6.5,6.0,3.0,5.0,5.0,5.0,5.0,7.0,4.0,6.0,5.0,3.0,4.0,6.0,4.0,3.0,9.0,8.0,5.0,5.0,5.5,2158.14369710179
381,armenia,2018,4.0,4.0,PF,1.0,Mixed democratic,0.0,0.0,1.0,1.0,Armen Vardani Sarkissian,2018.0,1953.0,0.0,0.0,0.0,0.0,0.0,"0,25",8.0,1.0,1.0,Parallel SMD/PR,131.0,0.0,1.0,3.0,2.0,1.0,1.0,1.0,0.0,0.0,3.0,5.0,4.0,5.0,5.0,3.0,3.0,6.0,3.0,5.0,3.0,6.0,5.0,5.0,6.0,4.0,5.0,4.0,6.0,6.0,9.0,9.0,5.0,6.25,5.0,3.0,5.0,5.0,4.25,5.33333333333333,7.5,5.0,6.0,4.33333333333333,4.0,5.0,6.0,4.0,3.0,9.0,7.0,4.66666666666667,6.0,6.0,4220.49027671249
513,azerbaijan,2006,6.0,5.0,NF,3.0,Civilian dictatorship,0.0,0.0,0.0,1.0,Ilham Gaidar Aliev,2003.0,1961.0,0.0,0.0,0.0,0.0,0.0,"0,5",12.0,1.0,0.0,FPTP,125.0,0.0,1.0,2.0,2.25,0.0,1.0,0.0,1.0,0.0,3.0,5.0,3.0,8.0,3.0,2.0,4.0,5.0,4.0,4.0,1.0,6.0,3.0,4.0,5.0,3.0,3.0,4.0,3.0,5.66666666666667,6.0,9.0,5.0,5.0,3.0,2.0,3.0,4.0,3.0,3.0,5.0,4.0,5.0,3.0,4.0,3.0,4.0,5.0,2.0,6.0,6.0,3.33333333333333,6.0,4.5,2473.08181863536
525,azerbaijan,2018,7.0,6.0,NF,3.0,Civilian dictatorship,0.0,0.0,0.0,1.0,Ilham Gaidar Aliev,2003.0,1961.0,0.0,0.0,0.0,0.0,0.0,"0,5",12.0,1.0,0.0,FPTP,125.0,0.0,1.0,2.0,2.25,0.0,1.0,0.0,0.0,0.0,2.0,3.0,2.0,8.0,5.0,2.0,4.0,4.0,2.0,4.0,2.0,5.0,4.0,5.0,6.0,2.0,2.0,3.0,3.0,6.0,5.0,9.0,3.0,4.25,2.0,2.0,4.0,4.0,2.25,2.66666666666667,4.5,4.0,7.0,3.33333333333333,2.0,3.0,5.0,4.0,2.0,8.0,7.0,4.66666666666667,6.0,5.5,4739.84171028393
657,bangladesh,2006,4.0,4.0,PF,0.0,Parliamentary democracy,0.0,1.0,1.0,0.0,Iajuddin Ahmed,2003.0,1931.0,0.0,0.0,0.0,0.0,0.0,"0,5",15.0,1.0,0.0,FPTP,330.0,0.0,1.0,3.0,1.5,1.0,1.0,1.0,0.0,0.0,1.0,7.0,7.0,7.0,4.0,7.0,6.0,6.0,7.0,4.0,7.0,7.0,3.0,5.0,4.0,7.0,7.0,6.0,4.0,7.0,7.0,8.0,7.0,5.75,5.0,7.0,4.0,4.0,7.0,5.25,6.5,4.0,7.0,2.66666666666667,8.0,6.0,3.0,4.0,7.0,8.0,6.0,5.33333333333333,7.0,3.5,509.640142873216
669,bangladesh,2018,5.0,5.0,PF,3.0,Civilian dictatorship,0.0,1.0,0.0,0.0,Abdul Hamid,2013.0,1944.0,0.0,0.0,0.0,0.0,0.0,"0,5",15.0,1.0,0.0,FPTP,330.0,0.0,1.0,2.0,2.5,0.0,1.0,0.0,0.0,0.0,3.0,4.0,4.0,6.0,4.0,3.0,7.0,5.0,4.0,4.0,3.0,7.0,3.0,5.0,4.0,5.0,4.0,4.0,5.0,6.66666666666667,6.0,6.0,5.0,5.75,6.0,3.0,4.0,3.0,4.25,5.33333333333333,6.5,3.0,7.0,3.33333333333333,4.0,5.0,4.0,4.0,3.0,9.0,6.0,4.0,7.0,4.0,1698.35039428122
753,belarus,2006,7.0,6.0,NF,3.0,Civilian dictatorship,0.0,0.0,0.0,1.0,Alyaksandr Rygoravich Lukashenko,1994.0,1954.0,0.0,0.0,0.0,1.0,0.0,"0,8",17.0,2.0,0.0,Single-member constituencies majority,110.0,0.0,1.0,2.0,2.8,0.0,1.0,0.0,0.0,0.0,6.0,3.0,2.0,7.0,4.0,2.0,2.0,2.0,3.0,4.0,1.0,4.0,4.0,6.0,7.0,3.0,4.0,4.0,3.0,3.33333333333333,10.0,9.0,4.0,4.75,3.0,2.0,3.0,2.0,3.0,3.33333333333333,2.5,4.0,4.0,4.33333333333333,2.0,4.0,7.0,7.0,2.0,8.0,6.0,2.33333333333333,5.0,7.0,3847.43412382153
765,belarus,2018,7.0,6.0,NF,3.0,Civilian dictatorship,0.0,0.0,0.0,1.0,Alyaksandr Rygoravich Lukashenko,1994.0,1954.0,0.0,0.0,0.0,1.0,0.0,"0,8",17.0,2.0,0.0,Single-member constituencies majority,110.0,0.0,1.0,2.0,2.8,0.0,1.0,0.0,0.0,0.0,4.0,4.0,3.0,7.0,5.0,2.0,3.0,2.0,2.0,5.0,3.0,4.0,4.0,6.0,6.0,3.0,3.0,4.0,4.0,4.66666666666667,10.0,9.0,3.0,4.75,3.0,3.0,5.0,4.0,3.0,3.66666666666667,3.5,5.0,6.0,4.33333333333333,3.0,4.0,6.0,7.0,2.5,8.0,7.0,4.0,5.0,6.0,6330.0752464187
897,benin,2006,2.0,2.0,F,2.0,Presidential democracy,0.0,0.0,1.0,1.0,Yayi Boni,2006.0,1952.0,0.0,0.0,0.0,0.0,0.0,"0,5",20.0,1.0,0.0,List PR (large multi-member),83.0,0.0,1.0,3.0,2.5,1.0,1.0,1.0,0.0,0.0,5.0,7.0,5.0,5.0,9.0,9.0,3.0,7.0,9.0,2.0,8.0,7.0,5.0,3.0,4.0,9.0,9.0,7.0,7.0,8.0,8.0,9.0,10.0,6.0,5.0,7.0,5.0,5.0,9.0,6.0,5.0,6.0,8.0,5.0,8.0,6.0,4.0,2.0,8.0,9.0,6.0,4.66666666666667,8.0,4.0,855.294039238491
909,benin,2018,2.0,2.0,F,2.0,Presidential democracy,0.0,0.0,1.0,1.0,Patrice Talon,2016.0,1958.0,0.0,0.0,0.0,0.0,0.0,"0,5",20.0,1.0,0.0,List PR (large multi-member),83.0,0.0,1.0,3.0,2.5,1.0,1.0,1.0,0.0,0.0,4.0,8.0,6.0,3.0,8.0,10.0,2.0,8.0,9.0,4.0,9.0,7.0,5.0,5.0,4.0,9.0,8.0,6.0,8.0,7.66666666666667,9.0,9.0,9.0,5.5,4.0,8.0,5.0,7.0,8.75,6.75,6.0,4.0,8.0,4.66666666666667,8.0,6.0,3.0,2.0,9.0,9.0,6.0,6.0,8.0,3.5,1240.82946441954
1281,burkina faso,2006,5.0,3.0,PF,4.0,Military dictatorship,0.0,0.0,0.0,1.0,Blaise Compaoré,1987.0,1951.0,0.0,0.0,0.0,0.0,0.0,"0,8",30.0,1.0,1.0,Closed list PR,111.0,0.0,1.0,2.0,2.4,0.0,1.0,0.0,0.0,0.0,3.0,3.0,4.0,5.0,6.0,3.0,2.0,6.0,4.0,2.0,3.0,7.0,3.0,5.0,4.0,7.0,6.0,4.0,5.0,6.33333333333333,9.0,9.0,6.0,4.5,6.0,3.0,5.0,5.0,5.5,5.33333333333333,5.5,4.0,6.0,3.66666666666667,5.0,5.0,3.0,1.0,3.0,10.0,6.0,4.33333333333333,10.0,3.5,473.449765459592
1293,burkina faso,2018,4.0,3.0,PF,3.0,Civilian dictatorship,0.0,0.0,0.0,1.0,Roch Marc Christian Kaboré,2015.0,1957.0,0.0,0.0,0.0,0.0,0.0,"0,8",30.0,1.0,1.0,Closed list PR,127.0,0.0,1.0,2.0,2.8,0.0,1.0,0.0,0.0,0.0,4.0,6.0,6.0,4.0,5.0,6.0,6.0,6.0,5.0,2.0,7.0,8.0,3.0,4.0,3.0,7.0,7.0,5.0,7.0,8.0,6.0,8.0,7.0,5.5,5.0,6.0,5.0,5.0,7.0,6.75,5.5,4.0,8.0,4.0,4.0,7.0,3.0,1.0,6.0,10.0,6.0,5.0,9.0,3.0,813.096848960038
1425,cameroon,2006,6.0,6.0,NF,3.0,Civilian dictatorship,0.0,1.0,0.0,1.0,Paul Biya,1982.0,1933.0,0.0,0.0,0.0,0.0,0.0,"0,166666667",33.0,1.0,0.0,FPTP and Hare quota,180.0,0.0,1.0,2.0,2.0,0.0,1.0,0.0,0.0,0.0,2.0,4.0,3.0,7.0,3.0,2.0,6.0,4.0,4.0,4.0,3.0,5.0,3.0,3.0,4.0,3.0,3.0,4.0,5.0,4.66666666666667,6.0,9.0,5.0,4.75,5.0,2.0,3.0,4.0,3.5,4.66666666666667,3.5,3.0,4.0,2.66666666666667,4.0,4.0,4.0,3.0,2.0,6.0,5.0,3.33333333333333,6.0,4.0,1062.13743331336
1437,cameroon,2018,6.0,6.0,NF,3.0,Civilian dictatorship,0.0,1.0,0.0,1.0,Paul Biya,1982.0,1933.0,0.0,0.0,0.0,0.0,0.0,"0,166666667",33.0,2.0,0.0,FPTP and Hare quota,180.0,0.0,1.0,2.0,2.0,0.0,1.0,0.0,0.0,0.0,3.0,4.0,4.0,7.0,3.0,2.0,7.0,4.0,3.0,4.0,2.0,4.0,3.0,4.0,5.0,3.0,3.0,4.0,5.0,5.0,7.0,7.0,5.0,4.75,4.0,2.0,3.0,3.0,3.25,4.33333333333333,4.0,4.0,5.0,3.0,3.0,4.0,4.0,3.0,2.0,6.0,5.0,3.33333333333333,6.0,4.5,1534.49370193468
1569,central african republic,2006,5.0,4.0,PF,4.0,Military dictatorship,0.0,0.0,0.0,1.0,François Bozizé,2003.0,1946.0,0.0,0.0,0.0,0.0,0.0,0,37.0,1.0,0.0,FPTP,105.0,0.0,1.0,2.0,1.6,0.0,1.0,0.0,0.0,0.0,3.0,3.0,5.0,8.0,6.0,3.0,9.0,6.0,3.0,3.0,1.0,7.0,3.0,3.0,4.0,1.0,5.0,2.0,3.0,6.0,2.0,9.0,6.0,4.0,5.0,2.0,3.0,3.0,3.25,3.33333333333333,3.5,3.0,7.0,3.0,4.0,2.0,2.0,1.0,2.5,4.0,1.0,2.33333333333333,10.0,3.0,354.671380067866
1581,central african republic,2018,7.0,7.0,NF,4.0,Military dictatorship,0.0,0.0,0.0,1.0,Faustin-Archange Touadéra,2016.0,1957.0,0.0,0.0,0.0,0.0,0.0,0,37.0,1.0,0.0,FPTP,105.0,0.0,1.0,2.0,1.6,0.0,1.0,0.0,0.0,0.0,4.0,3.0,5.0,8.0,4.0,3.0,8.0,4.0,3.0,1.0,3.0,6.0,3.0,2.0,3.0,6.0,6.0,4.0,3.0,6.0,2.0,8.0,6.0,3.25,4.0,2.0,4.0,3.0,5.25,3.0,3.0,3.0,6.0,3.66666666666667,5.0,2.0,2.0,1.0,2.5,3.0,1.0,3.0,10.0,2.5,475.953609871945
1617,chad,2006,6.0,6.0,NF,4.0,Military dictatorship,0.0,0.0,0.0,1.0,Idris Deby,1990.0,1952.0,0.0,0.0,0.0,0.0,0.0,"0,333333333",38.0,1.0,0.0,FPTP / PR,155.0,0.0,1.0,2.0,2.0,0.0,1.0,0.0,0.0,0.0,2.0,3.0,3.0,10.0,3.0,2.0,7.0,3.0,3.0,1.0,2.0,4.0,3.0,4.0,2.0,3.0,4.0,3.0,3.0,5.33333333333333,4.0,9.0,6.0,5.25,4.0,2.0,3.0,3.0,3.75,3.66666666666667,4.0,3.0,6.0,2.66666666666667,2.0,4.0,3.0,1.0,2.0,6.0,3.0,2.33333333333333,9.0,2.5,710.396262816236
1629,chad,2018,7.0,6.0,NF,4.0,Military dictatorship,0.0,0.0,0.0,1.0,Idris Deby,1990.0,1952.0,0.0,0.0,0.0,0.0,0.0,"0,333333333",38.0,1.0,0.0,FPTP / PR,188.0,0.0,1.0,2.0,2.333333333,0.0,1.0,0.0,0.0,0.0,2.0,2.0,3.0,9.0,3.0,2.0,6.0,2.0,2.0,2.0,2.0,4.0,3.0,3.0,2.0,3.0,3.0,2.0,3.0,4.66666666666667,7.0,8.0,4.0,4.25,3.0,3.0,2.0,2.0,3.0,3.0,3.5,3.0,6.0,2.33333333333333,2.0,3.0,3.0,1.0,2.5,8.0,3.0,2.0,9.0,2.5,726.149881109447
1665,chile,2006,1.0,1.0,F,2.0,Presidential democracy,0.0,0.0,1.0,1.0,Michelle Bachelet,2006.0,1951.0,0.0,1.0,0.0,0.0,0.0,1,39.0,2.0,1.0,List PR (small multi-member),120.0,0.0,1.0,3.0,3.0,1.0,1.0,1.0,1.0,0.0,9.0,9.0,8.0,4.0,9.0,10.0,3.0,9.0,7.0,6.0,8.0,10.0,9.0,7.0,6.0,8.0,10.0,9.0,8.0,9.66666666666667,10.0,9.0,10.0,9.75,9.0,9.0,9.0,9.0,9.0,8.0,10.0,9.0,9.0,9.0,10.0,7.0,8.0,8.0,9.5,10.0,10.0,8.66666666666667,4.0,7.0,9464.55024290607
1677,chile,2018,1.0,1.0,F,2.0,Presidential democracy,0.0,0.0,1.0,1.0,Miguel Juan Sebastián Piñera Echenique,2018.0,1949.0,0.0,0.0,0.0,0.0,0.0,1,39.0,2.0,1.0,List PR (small multi-member),120.0,0.0,1.0,3.0,3.0,1.0,1.0,1.0,0.0,0.0,9.0,9.0,8.0,3.0,8.0,10.0,3.0,8.0,10.0,6.0,9.0,10.0,9.0,8.0,7.0,9.0,10.0,9.0,8.0,10.0,9.0,10.0,10.0,9.75,7.0,10.0,8.0,9.0,9.5,7.25,10.0,10.0,10.0,8.66666666666667,10.0,7.0,9.0,7.0,10.0,10.0,10.0,8.33333333333333,3.0,8.0,15924.7942393064
1713,china,2006,7.0,6.0,NF,3.0,Civilian dictatorship,0.0,0.0,0.0,0.0,Hu Jintao,2002.0,1942.0,0.0,0.0,0.0,1.0,0.0,"0,294117647",40.0,1.0,1.0,Indirectly elected by the provincial people's congresses,2984.0,0.0,1.0,0.0,1.764705882,0.0,0.0,0.0,0.0,0.0,3.0,3.0,2.0,9.0,6.0,1.0,4.0,6.0,1.0,6.0,1.0,5.0,6.0,3.0,5.0,1.0,2.0,2.0,2.0,6.33333333333333,9.0,10.0,2.0,5.0,1.0,1.0,5.0,5.0,1.5,2.0,4.5,3.0,7.0,4.66666666666667,1.0,3.0,4.0,5.0,1.0,7.0,8.0,5.0,5.0,4.5,2099.22943460447
1725,china,2018,7.0,6.0,NF,3.0,Civilian dictatorship,0.0,0.0,0.0,0.0,Xi Jinping,2012.0,1953.0,0.0,0.0,0.0,1.0,0.0,"0,470588235",40.0,1.0,1.0,Indirectly elected by the provincial people's congresses,2987.0,0.0,1.0,0.0,2.294117647,0.0,0.0,0.0,0.0,0.0,5.0,2.0,3.0,9.0,5.0,1.0,5.0,7.0,1.0,8.0,2.0,8.0,6.0,6.0,6.0,1.0,2.0,2.0,2.0,6.66666666666667,9.0,10.0,2.0,6.75,1.0,1.0,6.0,5.0,1.75,2.66666666666667,6.0,4.0,5.0,5.66666666666667,1.0,5.0,5.0,5.0,1.0,8.0,8.0,5.0,6.0,5.5,9976.67713725865
1761,colombia,2006,3.0,3.0,PF,2.0,Presidential democracy,0.0,0.0,1.0,1.0,Álvaro Uribe Vélez,2002.0,1952.0,0.0,0.0,0.0,0.0,0.0,1,41.0,2.0,1.0,List PR (small multi-member),166.0,0.0,1.0,3.0,3.0,1.0,1.0,1.0,1.0,0.0,5.0,4.0,4.0,5.0,5.0,7.0,9.0,6.0,5.0,4.0,7.0,8.0,5.0,5.0,6.0,7.0,5.0,6.0,6.0,7.33333333333333,3.0,10.0,6.0,6.0,5.0,6.0,5.0,7.0,6.25,5.0,7.5,5.0,6.0,5.0,6.0,4.0,5.0,6.0,6.5,8.0,4.0,6.0,8.0,5.5,3741.09283661273
1773,colombia,2018,3.0,3.0,PF,2.0,Presidential democracy,0.0,0.0,1.0,1.0,Juan Manuel Santos Calderón,2010.0,1951.0,0.0,0.0,0.0,0.0,0.0,"0,8",41.0,2.0,1.0,List PR (small multi-member),166.0,0.0,1.0,3.0,2.6,1.0,1.0,1.0,1.0,0.0,4.0,6.0,6.0,5.0,6.0,8.0,6.0,7.0,7.0,5.0,7.0,8.0,6.0,5.0,6.0,7.0,7.0,7.0,6.0,8.0,7.0,8.0,7.0,7.5,5.0,7.0,7.0,7.0,7.0,5.5,7.5,6.0,8.0,5.66666666666667,7.0,5.0,6.0,5.0,7.5,8.0,6.0,7.66666666666667,7.0,6.0,6716.91159778134
1953,costa rica,2006,1.0,1.0,F,2.0,Presidential democracy,0.0,0.0,1.0,1.0,Oscar Arias Sanchez,2006.0,1940.0,0.0,0.0,0.0,0.0,0.0,1,46.0,1.0,1.0,List PR (small multi-member),57.0,0.0,1.0,3.0,3.0,1.0,1.0,1.0,1.0,0.0,7.0,10.0,8.0,2.0,9.0,10.0,1.0,10.0,10.0,7.0,10.0,8.0,7.0,8.0,8.0,10.0,10.0,9.0,8.0,8.66666666666667,10.0,10.0,10.0,8.0,8.0,9.0,7.0,7.0,10.0,8.75,8.5,8.0,8.0,7.0,10.0,9.0,8.0,8.0,9.5,10.0,8.0,7.33333333333333,3.0,8.0,5201.51409470061
1965,costa rica,2018,1.0,1.0,F,2.0,Presidential democracy,0.0,0.0,1.0,1.0,Carlos Alvarado Quesada,2018.0,1980.0,0.0,0.0,0.0,0.0,0.0,"0,5",46.0,1.0,1.0,List PR (small multi-member),57.0,0.0,1.0,3.0,2.5,1.0,1.0,1.0,1.0,0.0,8.0,9.0,8.0,2.0,9.0,10.0,1.0,10.0,10.0,7.0,10.0,9.0,7.0,8.0,8.0,10.0,10.0,10.0,9.0,9.33333333333333,9.0,9.0,10.0,8.5,7.0,7.0,7.0,7.0,10.0,8.0,9.0,9.0,9.0,7.33333333333333,10.0,8.0,8.0,6.0,8.5,10.0,9.0,7.33333333333333,4.0,8.0,12112.1344206452
2049,croatia,2006,2.0,2.0,F,1.0,Mixed democratic,0.0,0.0,1.0,0.0,"Stjepan ""Stipe"" Mesić",2000.0,1934.0,0.0,0.0,0.0,0.0,0.0,"0,6",48.0,1.0,1.0,List PR,153.0,0.0,1.0,3.0,2.6,1.0,1.0,1.0,0.0,0.0,7.0,9.0,7.0,4.0,8.0,10.0,2.0,9.0,10.0,7.0,10.0,9.0,7.0,8.0,8.0,10.0,10.0,7.0,8.0,9.0,10.0,9.0,10.0,8.75,8.0,9.0,8.0,8.0,10.0,8.25,8.5,8.0,9.0,7.33333333333333,9.0,8.0,8.0,8.0,9.5,9.0,10.0,8.66666666666667,2.0,8.0,11695.944664086
2061,croatia,2018,1.0,2.0,F,1.0,Mixed democratic,0.0,0.0,1.0,0.0,Kolinda Grabar-Kitarović,2015.0,1968.0,0.0,1.0,0.0,0.0,0.0,"0,6",48.0,1.0,1.0,List PR,151.0,0.0,1.0,3.0,2.6,1.0,1.0,1.0,0.0,0.0,7.0,8.0,7.0,4.0,8.0,9.0,2.0,9.0,8.0,8.0,9.0,8.0,7.0,7.0,8.0,9.0,7.0,8.0,8.0,8.0,10.0,8.0,10.0,9.0,7.0,8.0,6.0,7.0,8.75,7.25,8.0,7.0,8.0,6.66666666666667,9.0,7.0,8.0,7.0,8.5,9.0,10.0,7.0,2.0,8.0,15014.0850191716
2097,cuba,2006,7.0,7.0,NF,4.0,Military dictatorship,0.0,0.0,0.0,1.0,Fidel Castro Ruz,1959.0,1926.0,0.0,0.0,0.0,1.0,1.0,1,49.0,1.0,0.0,Endorsement,609.0,0.0,1.0,1.0,3.0,0.0,0.0,0.0,0.0,0.0,4.0,2.0,2.0,9.0,4.0,1.0,3.0,1.0,1.0,7.0,1.0,3.0,3.0,4.0,8.0,1.0,2.0,1.0,2.0,3.66666666666667,10.0,10.0,2.0,1.5,1.0,1.0,3.0,3.0,1.5,2.33333333333333,2.0,5.0,6.0,3.33333333333333,1.0,4.0,6.0,6.0,1.0,9.0,10.0,2.33333333333333,7.0,7.0,4683.5661553675
2109,cuba,2018,7.0,6.0,NF,3.0,Civilian dictatorship,0.0,0.0,0.0,1.0,Miguel Diaz Canel,2018.0,1960.0,0.0,0.0,0.0,1.0,0.0,1,49.0,1.0,0.0,Endorsement,612.0,0.0,1.0,1.0,3.0,0.0,0.0,0.0,1.0,0.0,5.0,4.0,3.0,7.0,6.0,1.0,2.0,3.0,1.0,7.0,1.0,6.0,4.0,5.0,6.0,1.0,3.0,2.0,3.0,6.33333333333333,10.0,10.0,2.0,2.25,1.0,1.0,5.0,4.0,1.75,2.66666666666667,2.5,5.0,7.0,4.66666666666667,2.0,4.0,6.0,6.0,1.0,9.0,8.0,3.66666666666667,6.0,6.0,8821.81889125004
2193,czech republic,2006,1.0,1.0,F,0.0,Parliamentary democracy,0.0,0.0,1.0,0.0,Václav Klaus,2003.0,1941.0,0.0,0.0,0.0,0.0,0.0,1,52.0,2.0,1.0,d'Hondt,200.0,0.0,1.0,3.0,3.0,1.0,1.0,1.0,1.0,0.0,7.0,9.0,9.0,2.0,9.0,10.0,1.0,10.0,10.0,8.0,10.0,10.0,8.0,8.0,9.0,10.0,10.0,9.0,9.0,9.66666666666667,10.0,10.0,10.0,10.0,8.0,9.0,7.0,8.0,10.0,8.75,9.5,8.0,9.0,7.33333333333333,10.0,8.0,9.0,9.0,9.5,10.0,10.0,8.33333333333333,1.0,9.0,15261.7975911138
2205,czech republic,2018,1.0,1.0,F,0.0,Parliamentary democracy,0.0,0.0,1.0,0.0,Miloš Zeman,2013.0,1944.0,0.0,0.0,0.0,0.0,0.0,1,52.0,2.0,1.0,d'Hondt,200.0,0.0,1.0,3.0,3.0,1.0,1.0,1.0,1.0,0.0,8.0,10.0,10.0,1.0,8.0,9.0,1.0,10.0,10.0,9.0,10.0,10.0,9.0,9.0,9.0,10.0,10.0,9.0,10.0,9.66666666666667,10.0,10.0,10.0,10.0,8.0,9.0,7.0,8.0,10.0,8.75,10.0,8.0,10.0,8.0,10.0,8.0,10.0,10.0,9.0,10.0,10.0,8.0,1.0,9.5,23415.8436273041
2433,dominican republic,2006,2.0,2.0,F,2.0,Presidential democracy,0.0,0.0,1.0,1.0,Leonel Fernandez Reyna,2004.0,1953.0,0.0,0.0,0.0,0.0,0.0,"0,5",56.0,2.0,1.0,List PR(small multi-member),178.0,0.0,1.0,3.0,2.25,1.0,1.0,1.0,0.0,0.0,2.0,6.0,5.0,5.0,6.0,7.0,3.0,7.0,7.0,5.0,9.0,9.0,5.0,4.0,5.0,9.0,7.0,6.0,6.0,8.33333333333333,9.0,10.0,9.0,5.5,7.0,7.0,5.0,6.0,8.5,6.5,7.0,5.0,8.0,4.0,8.0,5.0,4.0,5.0,7.0,8.0,6.0,6.0,5.0,4.5,4109.03136285855
2445,dominican republic,2018,3.0,3.0,PF,2.0,Presidential democracy,0.0,0.0,1.0,1.0,Danilo Medina Sánchez,2012.0,1951.0,0.0,0.0,0.0,0.0,0.0,"0,5",56.0,2.0,1.0,List PR(small multi-member),183.0,0.0,1.0,3.0,2.25,1.0,1.0,1.0,0.0,0.0,3.0,6.0,5.0,5.0,7.0,7.0,3.0,7.0,9.0,5.0,8.0,8.0,6.0,4.0,4.0,7.0,8.0,5.0,6.0,7.33333333333333,9.0,9.0,9.0,6.5,6.0,7.0,6.0,7.0,8.0,6.5,6.5,4.0,7.0,5.0,6.0,6.0,5.0,5.0,7.0,7.0,7.0,6.33333333333333,5.0,4.5,8050.63044036673
2481,ecuador,2006,3.0,3.0,PF,2.0,Presidential democracy,0.0,0.0,1.0,1.0,Alfredo Palacio,2005.0,1939.0,0.0,0.0,0.0,0.0,0.0,1,57.0,1.0,1.0,List PR (small multi-member),100.0,0.0,1.0,3.0,3.0,1.0,1.0,1.0,0.0,0.0,3.0,6.0,4.0,6.0,4.0,6.0,4.0,4.0,4.0,4.0,6.0,6.0,4.0,4.0,5.0,9.0,7.0,4.0,7.0,6.0,8.0,9.0,8.0,4.75,5.0,5.0,3.0,3.0,7.5,5.25,6.0,4.0,6.0,3.33333333333333,5.0,5.0,4.0,4.0,5.5,9.0,6.0,3.33333333333333,5.0,4.5,3328.88297239765
2493,ecuador,2018,3.0,3.0,PF,2.0,Presidential democracy,0.0,0.0,1.0,1.0,Lenín Boltaire Moreno Garcés,2017.0,1953.0,0.0,0.0,0.0,0.0,0.0,1,57.0,1.0,1.0,List PR (small multi-member),137.0,0.0,1.0,3.0,3.0,1.0,1.0,1.0,0.0,0.0,4.0,6.0,4.0,6.0,5.0,5.0,4.0,5.0,7.0,5.0,9.0,7.0,5.0,5.0,6.0,6.0,5.0,4.0,4.0,6.66666666666667,9.0,9.0,6.0,5.75,4.0,6.0,6.0,5.0,6.5,4.5,5.0,5.0,7.0,5.0,4.0,5.0,5.0,5.0,5.5,8.0,7.0,5.66666666666667,6.0,5.5,6295.93539868079
2577,el salvador,2006,2.0,3.0,F,2.0,Presidential democracy,0.0,0.0,1.0,1.0,Elias Saca,2004.0,1965.0,0.0,0.0,0.0,0.0,0.0,1,59.0,1.0,1.0,List PR (small multi-member),84.0,0.0,1.0,3.0,3.0,1.0,1.0,1.0,1.0,0.0,5.0,5.0,3.0,5.0,7.0,10.0,3.0,7.0,9.0,4.0,9.0,10.0,5.0,4.0,4.0,8.0,7.0,6.0,6.0,10.0,7.0,10.0,7.0,8.0,7.0,7.0,9.0,4.0,7.75,6.5,9.0,6.0,10.0,6.33333333333333,7.0,6.0,4.0,4.0,8.5,9.0,6.0,6.33333333333333,5.0,4.0,2631.82041514301
2589,el salvador,2018,2.0,3.0,F,2.0,Presidential democracy,0.0,0.0,1.0,1.0,Salvador Sánchez Cerén,2014.0,1944.0,0.0,0.0,0.0,0.0,0.0,"0,333333333",59.0,1.0,1.0,List PR (small multi-member),84.0,0.0,1.0,3.0,2.333333333,1.0,1.0,1.0,1.0,0.0,5.0,5.0,7.0,5.0,7.0,9.0,4.0,8.0,9.0,5.0,9.0,9.0,6.0,5.0,5.0,9.0,8.0,6.0,7.0,9.33333333333333,6.0,10.0,8.0,8.25,7.0,7.0,8.0,6.0,8.5,6.25,8.5,6.0,10.0,6.33333333333333,7.0,5.0,6.0,4.0,8.0,9.0,6.0,6.66666666666667,7.0,5.5,4067.65944881154
2721,estonia,2006,1.0,1.0,F,0.0,Parliamentary democracy,0.0,0.0,1.0,0.0,Arnold Rüütel,2001.0,1928.0,0.0,0.0,0.0,0.0,0.0,"0,666666667",62.0,1.0,1.0,List PR,101.0,0.0,1.0,3.0,2.666666667,1.0,1.0,1.0,0.0,0.0,8.0,9.0,7.0,2.0,8.0,10.0,3.0,10.0,10.0,10.0,10.0,10.0,8.0,8.0,9.0,9.0,10.0,10.0,8.0,10.0,10.0,10.0,10.0,9.75,8.0,10.0,9.0,8.0,9.75,8.5,10.0,9.0,10.0,8.33333333333333,10.0,8.0,8.0,8.0,10.0,7.0,10.0,9.0,2.0,8.5,12631.5680518102
2733,estonia,2018,1.0,1.0,F,0.0,Parliamentary democracy,0.0,0.0,1.0,0.0,Kersti Kaljulaid,2016.0,1969.0,0.0,1.0,0.0,0.0,0.0,"0,666666667",62.0,1.0,1.0,List PR,101.0,0.0,1.0,3.0,2.666666667,1.0,1.0,1.0,0.0,0.0,9.0,10.0,9.0,2.0,7.0,10.0,3.0,10.0,10.0,9.0,10.0,10.0,9.0,9.0,9.0,10.0,10.0,10.0,9.0,10.0,10.0,10.0,10.0,10.0,9.0,10.0,8.0,9.0,10.0,9.25,10.0,10.0,10.0,8.66666666666667,10.0,9.0,9.0,8.0,10.0,8.0,10.0,9.0,2.0,9.0,23170.7073775514
2817,ethiopia,2006,5.0,5.0,PF,3.0,Civilian dictatorship,0.0,0.0,0.0,1.0,Girma Wolde-Giorgis,2001.0,1924.0,0.0,0.0,0.0,0.0,0.0,"0,2",63.0,2.0,0.0,FPTP,547.0,0.0,1.0,2.0,1.2,0.0,1.0,0.0,0.0,0.0,3.0,3.0,4.0,6.0,4.0,2.0,7.0,4.0,3.0,3.0,3.0,4.0,3.0,3.0,4.0,3.0,4.0,4.0,4.0,6.0,6.0,10.0,5.0,4.0,4.0,2.0,3.0,5.0,3.75,4.33333333333333,4.0,3.0,7.0,3.0,3.0,5.0,2.0,3.0,2.0,7.0,7.0,4.33333333333333,10.0,3.0,194.687430455118
2829,ethiopia,2018,6.0,6.0,NF,3.0,Civilian dictatorship,0.0,0.0,0.0,1.0,Mulatu Teshome Wirtu,2013.0,1955.0,0.0,0.0,0.0,0.0,0.0,0,63.0,2.0,0.0,FPTP,547.0,0.0,1.0,2.0,1.0,0.0,1.0,0.0,0.0,0.0,2.0,2.0,2.0,8.0,2.0,2.0,8.0,3.0,2.0,4.0,2.0,7.0,3.0,2.0,2.0,2.0,2.0,3.0,2.0,6.0,7.0,6.0,2.0,3.5,2.0,2.0,4.0,4.0,2.0,2.33333333333333,3.5,4.0,5.0,3.0,2.0,3.0,4.0,2.0,2.0,5.0,6.0,4.0,8.0,3.0,771.523813864476
3057,georgia,2006,3.0,3.0,PF,1.0,Mixed democratic,0.0,0.0,1.0,1.0,Mikheil Saakashvili,2004.0,1967.0,0.0,0.0,0.0,0.0,0.0,"0,5",69.0,1.0,0.0,Parallel SMD/PR,235.0,0.0,1.0,3.0,2.5,1.0,1.0,1.0,0.0,0.0,7.0,7.0,5.0,7.0,7.0,8.0,6.0,7.0,7.0,4.0,7.0,9.0,5.0,6.0,4.0,9.0,6.0,7.0,4.0,7.33333333333333,4.0,8.0,8.0,4.5,3.0,6.0,5.0,6.0,7.5,4.25,5.0,7.0,6.0,5.66666666666667,5.0,3.0,4.0,4.0,7.0,5.0,4.0,6.33333333333333,7.0,4.0,1996.05712927664
3069,georgia,2018,3.0,3.0,PF,1.0,Mixed democratic,0.0,0.0,1.0,1.0,Giorgi Margvelashvili,2013.0,1969.0,0.0,0.0,0.0,0.0,0.0,"0,25",69.0,1.0,1.0,Parallel SMD/PR,150.0,0.0,1.0,3.0,2.25,1.0,1.0,1.0,0.0,0.0,7.0,7.0,7.0,6.0,6.0,8.0,5.0,7.0,8.0,6.0,8.0,7.0,6.0,5.0,5.0,9.0,8.0,7.0,5.0,7.33333333333333,5.0,8.0,9.0,7.25,5.0,7.0,7.0,6.0,8.5,5.0,6.5,6.0,8.0,6.66666666666667,6.0,4.0,6.0,4.0,7.5,6.0,7.0,6.0,7.0,5.5,4722.78778321766
3249,ghana,2006,1.0,2.0,F,2.0,Presidential democracy,0.0,1.0,1.0,1.0,John Agyekum Kufuor,2001.0,1938.0,0.0,0.0,0.0,0.0,0.0,0,71.0,1.0,0.0,FPTP,230.0,0.0,1.0,3.0,1.333333333,1.0,1.0,1.0,0.0,0.0,5.0,8.0,6.0,5.0,8.0,9.0,4.0,9.0,8.0,5.0,8.0,9.0,5.0,5.0,4.0,9.0,8.0,7.0,6.0,9.0,8.0,9.0,9.0,6.0,8.0,7.0,7.0,8.0,8.5,7.5,7.5,7.0,9.0,5.66666666666667,8.0,7.0,5.0,5.0,8.0,9.0,6.0,7.33333333333333,6.0,4.5,913.393930939291
3261,ghana,2018,1.0,2.0,F,2.0,Presidential democracy,0.0,1.0,1.0,1.0,Nana Addo Dankwa Akufo-Addo,2017.0,1944.0,0.0,0.0,0.0,0.0,0.0,0,71.0,1.0,0.0,FPTP,275.0,0.0,1.0,3.0,2.0,1.0,1.0,1.0,0.0,0.0,5.0,7.0,7.0,4.0,7.0,8.0,4.0,8.0,9.0,5.0,9.0,8.0,5.0,5.0,6.0,8.0,8.0,8.0,8.0,8.33333333333333,9.0,7.0,9.0,6.25,8.0,9.0,7.0,6.0,8.5,7.75,7.5,5.0,8.0,5.66666666666667,8.0,7.0,4.0,4.0,8.5,9.0,6.0,6.0,6.0,5.0,2202.31216442504
3393,guatemala,2006,3.0,4.0,PF,2.0,Presidential democracy,0.0,0.0,1.0,1.0,Oscar Berger,2004.0,1946.0,0.0,0.0,0.0,0.0,0.0,1,76.0,1.0,1.0,Closed list proportional representation,158.0,0.0,1.0,3.0,3.0,1.0,1.0,1.0,0.0,0.0,4.0,5.0,6.0,6.0,4.0,6.0,5.0,6.0,6.0,3.0,7.0,7.0,4.0,4.0,3.0,7.0,5.0,5.0,5.0,7.33333333333333,6.0,10.0,6.0,5.25,4.0,5.0,5.0,6.0,6.25,4.25,6.0,5.0,7.0,4.33333333333333,6.0,4.0,4.0,3.0,5.5,6.0,6.0,5.33333333333333,6.0,3.5,2287.9357153063
3405,guatemala,2018,4.0,4.0,PF,2.0,Presidential democracy,0.0,0.0,1.0,1.0,James Ernesto Morales Cabrera,2016.0,1969.0,0.0,0.0,0.0,0.0,0.0,"0,75",76.0,1.0,1.0,Closed list proportional representation,158.0,0.0,1.0,3.0,2.75,1.0,1.0,1.0,0.0,0.0,4.0,4.0,5.0,6.0,4.0,5.0,6.0,6.0,4.0,4.0,4.0,6.0,4.0,3.0,4.0,6.0,6.0,5.0,5.0,6.66666666666667,4.0,10.0,5.0,5.75,4.0,5.0,4.0,4.0,5.25,4.25,5.5,5.0,8.0,4.0,5.0,4.0,4.0,3.0,5.0,6.0,4.0,4.33333333333333,7.0,4.0,4472.89237082577
3441,guinea,2006,6.0,5.0,NF,4.0,Military dictatorship,0.0,0.0,0.0,1.0,Lansana Conte,1984.0,1934.0,0.0,0.0,0.0,0.0,0.0,"0,833333333",77.0,1.0,1.0,Mixed member SMD/PR,114.0,0.0,1.0,2.0,2.5,0.0,1.0,0.0,0.0,0.0,3.0,4.0,4.0,9.0,5.0,2.0,3.0,5.0,3.0,3.0,2.0,4.0,4.0,4.0,4.0,3.0,4.0,3.0,5.0,5.66666666666667,7.0,9.0,5.0,5.25,4.0,2.0,4.0,4.0,3.5,4.66666666666667,5.0,4.0,7.0,3.66666666666667,3.0,5.0,4.0,2.0,2.0,9.0,6.0,3.0,8.0,4.0,453.403518454163
3453,guinea,2018,5.0,4.0,PF,2.0,Presidential democracy,0.0,0.0,1.0,1.0,Alpha Condé,2010.0,1938.0,0.0,0.0,0.0,0.0,0.0,"0,833333333",77.0,1.0,1.0,Mixed member SMD/PR,114.0,0.0,1.0,3.0,2.833333333,1.0,1.0,1.0,0.0,0.0,5.0,5.0,6.0,6.0,5.0,5.0,6.0,6.0,7.0,2.0,7.0,7.0,5.0,5.0,5.0,6.0,6.0,6.0,6.0,7.33333333333333,8.0,9.0,6.0,5.0,6.0,5.0,6.0,6.0,6.25,6.25,6.0,4.0,8.0,5.33333333333333,5.0,6.0,4.0,1.0,5.0,9.0,5.0,6.33333333333333,8.0,4.5,878.599613250501
3585,haiti,2006,4.0,5.0,PF,3.0,Civilian dictatorship,0.0,0.0,0.0,1.0,Rene Preval,2006.0,1943.0,0.0,0.0,0.0,0.0,0.0,"0,75",80.0,2.0,0.0,FPTP,99.0,0.0,1.0,2.0,2.5,0.0,1.0,0.0,1.0,1.0,1.0,3.0,3.0,9.0,4.0,2.0,6.0,6.0,4.0,2.0,2.0,3.0,2.0,3.0,3.0,3.0,4.0,4.0,3.0,4.66666666666667,2.0,9.0,6.0,4.5,2.0,2.0,2.0,2.0,3.75,3.0,5.0,2.0,7.0,1.66666666666667,3.0,4.0,3.0,1.0,2.0,7.0,2.0,2.0,9.0,3.0,792.825925811049
3597,haiti,2018,5.0,5.0,PF,3.0,Civilian dictatorship,0.0,0.0,0.0,1.0, Jovenel Moïse,2017.0,1968.0,0.0,0.0,0.0,0.0,0.0,"0,75",80.0,2.0,0.0,FPTP,99.0,0.0,1.0,2.0,2.5,0.0,1.0,0.0,0.0,0.0,2.0,4.0,4.0,8.0,5.0,3.0,6.0,5.0,5.0,2.0,4.0,4.0,3.0,2.0,3.0,6.0,7.0,3.0,3.0,4.66666666666667,4.0,9.0,7.0,3.75,3.0,3.0,2.0,3.0,6.0,3.0,4.5,2.0,6.0,2.33333333333333,3.0,3.0,3.0,1.0,3.0,7.0,2.0,2.66666666666667,9.0,3.0,1435.35175551073
3633,honduras,2006,3.0,3.0,PF,2.0,Presidential democracy,0.0,0.0,1.0,1.0,Jose Zelaya,2006.0,1952.0,0.0,0.0,0.0,0.0,0.0,1,81.0,1.0,1.0,List PR (large multi-member),128.0,0.0,1.0,3.0,3.0,1.0,1.0,1.0,1.0,0.0,2.0,6.0,5.0,6.0,7.0,7.0,3.0,7.0,7.0,3.0,8.0,8.0,3.0,4.0,4.0,9.0,6.0,5.0,4.0,7.66666666666667,6.0,9.0,8.0,6.5,7.0,8.0,6.0,5.0,7.75,5.25,6.0,5.0,8.0,3.66666666666667,8.0,4.0,4.0,3.0,7.5,9.0,6.0,5.66666666666667,6.0,4.0,1430.05705154176
3645,honduras,2018,4.0,4.0,PF,3.0,Civilian dictatorship,0.0,0.0,0.0,1.0,Juan Orlando Hernández Alvarado,2014.0,1968.0,0.0,0.0,0.0,0.0,0.0,"0,75",81.0,1.0,1.0,List PR (large multi-member),128.0,0.0,1.0,2.0,2.75,1.0,1.0,1.0,1.0,0.0,3.0,4.0,5.0,6.0,6.0,6.0,5.0,6.0,5.0,3.0,6.0,7.0,4.0,4.0,4.0,6.0,5.0,5.0,6.0,7.0,6.0,9.0,6.0,6.5,6.0,5.0,6.0,5.0,5.75,5.5,6.5,5.0,8.0,4.33333333333333,5.0,5.0,4.0,3.0,5.5,9.0,6.0,5.33333333333333,7.0,4.0,2505.7767518956
3681,hungary,2006,1.0,1.0,F,0.0,Parliamentary democracy,0.0,0.0,1.0,0.0,László Sólyom,2005.0,1942.0,0.0,0.0,0.0,0.0,0.0,"0,875",83.0,1.0,1.0,Mixed member SMD/PR,386.0,0.0,1.0,3.0,2.875,1.0,1.0,1.0,1.0,0.0,7.0,9.0,9.0,2.0,8.0,10.0,2.0,10.0,10.0,8.0,10.0,9.0,7.0,9.0,9.0,10.0,10.0,9.0,8.0,9.33333333333333,10.0,10.0,10.0,10.0,9.0,9.0,8.0,8.0,10.0,8.5,10.0,8.0,10.0,7.33333333333333,10.0,8.0,8.0,9.0,9.5,10.0,10.0,8.33333333333333,1.0,8.5,11475.8227057093
3693,hungary,2018,3.0,3.0,PF,0.0,Parliamentary democracy,0.0,0.0,1.0,0.0,János Áder,2012.0,1959.0,0.0,0.0,0.0,0.0,0.0,"0,875",83.0,1.0,1.0,FPTP and PR,199.0,0.0,1.0,3.0,2.875,1.0,1.0,1.0,1.0,0.0,5.0,7.0,4.0,2.0,5.0,7.0,3.0,7.0,6.0,6.0,10.0,6.0,5.0,6.0,7.0,7.0,6.0,6.0,6.0,5.66666666666667,10.0,8.0,7.0,8.5,7.0,6.0,6.0,5.0,7.5,6.5,8.5,6.0,6.0,5.33333333333333,5.0,6.0,8.0,8.0,6.5,9.0,10.0,5.66666666666667,1.0,7.5,16410.1872639683
3777,india,2006,2.0,3.0,F,0.0,Parliamentary democracy,0.0,1.0,1.0,0.0,Avul Pakir Jainulabdeen Abdul Kalam,2002.0,1931.0,0.0,0.0,0.0,0.0,0.0,"0,333333333",85.0,2.0,0.0,FPTP,543.0,0.0,1.0,3.0,1.333333333,1.0,1.0,1.0,0.0,0.0,5.0,7.0,7.0,5.0,7.0,8.0,5.0,8.0,8.0,7.0,9.0,5.0,6.0,5.0,5.0,7.0,9.0,8.0,6.0,6.0,8.0,9.0,10.0,6.25,6.0,9.0,7.0,8.0,8.75,6.75,7.0,6.0,6.0,6.0,9.0,6.0,4.0,5.0,8.5,9.0,7.0,7.33333333333333,6.0,4.5,806.753280628799
3789,india,2018,2.0,3.0,F,0.0,Parliamentary democracy,0.0,1.0,1.0,0.0,Ram Nath Kovind,2017.0,1945.0,0.0,0.0,0.0,0.0,0.0,"0,5",85.0,2.0,0.0,FPTP,543.0,0.0,1.0,3.0,2.166666667,1.0,1.0,1.0,0.0,0.0,5.0,6.0,7.0,5.0,5.0,9.0,6.0,9.0,8.0,6.0,9.0,7.0,6.0,5.0,4.0,9.0,7.0,7.0,7.0,6.66666666666667,8.0,7.0,7.0,6.75,7.0,8.0,7.0,7.0,8.0,7.25,7.0,6.0,5.0,6.0,9.0,6.0,5.0,4.0,8.5,7.0,7.0,7.0,6.0,4.5,2005.86300452403
3825,indonesia,2006,2.0,3.0,F,2.0,Presidential democracy,0.0,0.0,1.0,1.0,Susilo Bambang Yudhoyono,2004.0,1949.0,0.0,0.0,0.0,0.0,0.0,"0,6",86.0,2.0,1.0,List PR (large multi-member),550.0,0.0,1.0,3.0,2.6,1.0,1.0,1.0,0.0,0.0,2.0,7.0,5.0,6.0,6.0,7.0,7.0,6.0,5.0,4.0,6.0,7.0,5.0,4.0,5.0,9.0,7.0,5.0,4.0,7.0,6.0,7.0,8.0,5.5,6.0,6.0,4.0,5.0,7.5,5.5,6.0,4.0,7.0,3.66666666666667,6.0,6.0,5.0,6.0,6.5,7.0,6.0,5.33333333333333,5.0,5.0,1589.80148866142
3837,indonesia,2018,2.0,4.0,PF,2.0,Presidential democracy,0.0,0.0,1.0,1.0,Joko Widodo,2014.0,1961.0,0.0,0.0,0.0,0.0,0.0,"0,8",86.0,2.0,1.0,List PR (large multi-member),560.0,0.0,1.0,3.0,2.8,1.0,1.0,1.0,0.0,0.0,4.0,6.0,7.0,6.0,5.0,6.0,6.0,6.0,6.0,5.0,7.0,7.0,5.0,3.0,5.0,8.0,6.0,5.0,7.0,7.66666666666667,7.0,5.0,7.0,6.5,6.0,6.0,6.0,6.0,7.0,6.75,6.5,5.0,8.0,5.0,9.0,7.0,6.0,5.0,6.0,7.0,7.0,6.0,6.0,5.5,3893.84642475571
4257,kazakhstan,2006,6.0,5.0,NF,3.0,Civilian dictatorship,0.0,0.0,0.0,1.0,Nursaltan Nazarbayev,1990.0,1940.0,0.0,0.0,0.0,0.0,0.0,"0,2",95.0,2.0,0.0,FPTP and party list,77.0,0.0,1.0,2.0,1.6,0.0,1.0,0.0,0.0,0.0,3.0,5.0,4.0,9.0,5.0,2.0,1.0,5.0,4.0,5.0,1.0,5.0,5.0,5.0,5.0,3.0,3.0,4.0,3.0,5.66666666666667,9.0,10.0,4.0,6.5,4.0,2.0,5.0,5.0,2.75,3.66666666666667,7.0,4.0,6.0,4.33333333333333,3.0,4.0,5.0,6.0,2.0,8.0,7.0,4.33333333333333,5.0,5.0,5291.57565018652
4269,kazakhstan,2018,7.0,5.0,NF,3.0,Civilian dictatorship,0.0,0.0,0.0,1.0,Nursultan Nazarbayev,1990.0,1940.0,0.0,0.0,0.0,0.0,0.0,"0,2",95.0,2.0,1.0,PR,107.0,0.0,1.0,2.0,1.8,0.0,1.0,0.0,0.0,0.0,3.0,3.0,2.0,7.0,6.0,2.0,4.0,6.0,2.0,6.0,2.0,5.0,5.0,4.0,6.0,2.0,3.0,4.0,3.0,6.66666666666667,9.0,9.0,3.0,6.25,2.0,2.0,6.0,5.0,2.5,3.0,6.0,3.0,8.0,4.66666666666667,2.0,4.0,5.0,5.0,2.0,8.0,8.0,5.0,5.0,5.5,9812.60140498928
4305,kenya,2006,3.0,3.0,PF,2.0,Presidential democracy,0.0,1.0,1.0,1.0,Mwai Kibaki,2002.0,1931.0,0.0,0.0,0.0,0.0,0.0,0,96.0,1.0,0.0,FPTP,222.0,0.0,1.0,3.0,1.6,1.0,1.0,1.0,0.0,0.0,2.0,6.0,5.0,3.0,7.0,6.0,7.0,6.0,4.0,5.0,7.0,7.0,4.0,5.0,5.0,9.0,6.0,5.0,8.0,7.66666666666667,5.0,10.0,6.0,5.75,5.0,5.0,4.0,5.0,7.0,6.75,6.0,5.0,8.0,3.33333333333333,6.0,5.0,2.0,2.0,5.5,9.0,6.0,3.33333333333333,8.0,3.5,685.954532240082
4317,kenya,2018,4.0,4.0,PF,3.0,Civilian dictatorship,0.0,1.0,0.0,1.0,Uhuru Muigai Kenyatta,2013.0,1961.0,0.0,0.0,0.0,0.0,0.0,0,96.0,2.0,0.0,FPTP,224.0,0.0,1.0,2.0,1.2,1.0,1.0,1.0,1.0,0.0,3.0,6.0,5.0,4.0,5.0,7.0,7.0,7.0,5.0,5.0,6.0,7.0,4.0,4.0,5.0,8.0,7.0,6.0,6.0,6.66666666666667,5.0,8.0,5.0,6.5,4.0,6.0,4.0,6.0,6.5,6.0,6.0,4.0,7.0,3.66666666666667,6.0,6.0,4.0,3.0,6.5,8.0,6.0,6.0,7.0,4.5,1707.98680529003
4593,latvia,2006,1.0,1.0,F,0.0,Parliamentary democracy,0.0,0.0,1.0,0.0,Vaira Vīķe-Freiberga,1999.0,1937.0,0.0,1.0,0.0,0.0,0.0,"0,666666667",103.0,1.0,1.0,List PR (large multi-member),100.0,0.0,1.0,3.0,2.666666667,1.0,1.0,1.0,0.0,0.0,5.0,9.0,7.0,4.0,8.0,10.0,3.0,10.0,10.0,6.0,10.0,9.0,8.0,7.0,8.0,8.0,10.0,8.0,5.0,9.33333333333333,10.0,10.0,10.0,9.25,5.0,7.0,7.0,8.0,9.5,6.25,9.5,7.0,9.0,6.66666666666667,10.0,7.0,7.0,7.0,8.5,6.0,9.0,8.33333333333333,2.0,7.5,9699.72166234066
4605,latvia,2018,2.0,2.0,F,0.0,Parliamentary democracy,0.0,0.0,1.0,0.0,Raimonds Vējonis,2015.0,1966.0,0.0,0.0,0.0,0.0,0.0,"0,666666667",103.0,1.0,1.0,List PR (large multi-member),100.0,0.0,1.0,3.0,2.666666667,1.0,1.0,1.0,0.0,0.0,7.0,9.0,7.0,4.0,8.0,10.0,4.0,10.0,9.0,8.0,9.0,9.0,7.0,9.0,8.0,9.0,8.0,8.0,7.0,9.66666666666667,10.0,10.0,10.0,9.25,6.0,10.0,7.0,8.0,9.0,7.0,10.0,7.0,10.0,7.0,9.0,7.0,8.0,7.0,10.0,8.0,10.0,8.66666666666667,2.0,8.0,17858.2799784486
4641,lebanon,2006,5.0,4.0,PF,4.0,Military dictatorship,0.0,0.0,0.0,0.0,Émile Jamil Lahoud,1999.0,1936.0,0.0,0.0,0.0,0.0,0.0,"0,666666667",104.0,1.0,0.0,Bloc voting,128.0,0.0,1.0,2.0,2.666666667,0.0,1.0,0.0,0.0,0.0,2.0,6.0,4.0,5.0,5.0,6.0,6.0,6.0,4.0,5.0,4.0,6.0,4.0,3.0,6.0,7.0,6.0,5.0,5.0,6.0,4.0,7.0,7.0,6.75,5.0,5.0,5.0,5.0,6.0,6.0,7.0,3.0,6.0,3.66666666666667,6.0,6.0,4.0,5.0,5.5,6.0,5.0,4.33333333333333,4.0,5.0,4626.85980796531
4653,lebanon,2018,5.0,4.0,PF,3.0,Civilian dictatorship,0.0,0.0,0.0,0.0,Michel Aoun,2016.0,1935.0,0.0,0.0,0.0,0.0,0.0,"0,666666667",104.0,1.0,1.0,PR in 15 of 26 constituencies; Bloc voting,128.0,0.0,1.0,2.0,2.666666667,0.0,1.0,1.0,1.0,1.0,2.0,6.0,5.0,3.0,3.0,3.0,7.0,5.0,3.0,5.0,3.0,5.0,3.0,2.0,4.0,5.0,7.0,5.0,6.0,6.0,5.0,6.0,8.0,7.0,5.0,3.0,4.0,4.0,5.75,5.33333333333333,7.5,3.0,6.0,3.0,5.0,5.0,4.0,4.0,3.0,7.0,4.0,3.33333333333333,8.0,4.0,8024.80327081387
4737,liberia,2006,3.0,4.0,PF,2.0,Presidential democracy,0.0,0.0,1.0,1.0,Ellen Johnson-Sirleaf,2006.0,1938.0,0.0,1.0,0.0,0.0,0.0,"0,333333333",106.0,2.0,0.0,FPTP,64.0,0.0,1.0,3.0,1.666666667,1.0,1.0,1.0,1.0,0.0,2.0,3.0,5.0,8.0,5.0,2.0,8.0,3.0,4.0,1.0,1.0,6.0,3.0,2.0,1.0,1.0,5.0,2.0,3.0,5.0,5.0,9.0,7.0,2.25,2.0,2.0,3.0,4.0,3.5,2.66666666666667,4.0,3.0,5.0,2.66666666666667,3.0,3.0,2.0,1.0,2.0,4.0,2.0,3.0,10.0,1.5,336.11567425435
4749,liberia,2018,3.0,3.0,PF,2.0,Presidential democracy,0.0,0.0,1.0,1.0,George Tawlon Manneh Oppong Ousman Weah,2018.0,1966.0,0.0,1.0,0.0,0.0,0.0,"0,666666667",106.0,2.0,0.0,FPTP,73.0,0.0,1.0,3.0,2.666666667,0.0,1.0,1.0,1.0,0.0,5.0,5.0,7.0,7.0,8.0,8.0,4.0,7.0,7.0,3.0,7.0,8.0,4.0,5.0,4.0,8.0,7.0,5.0,5.0,7.33333333333333,9.0,9.0,8.0,5.0,5.0,6.0,6.0,5.0,7.5,5.25,7.0,5.0,7.0,5.0,6.0,5.0,3.0,1.0,7.0,8.0,5.0,5.66666666666667,10.0,3.5,677.322178545363
4881,lithuania,2006,1.0,1.0,F,1.0,Mixed democratic,0.0,0.0,1.0,1.0,Valdas Adamkus,2004.0,1926.0,0.0,0.0,0.0,0.0,0.0,"0,5",109.0,1.0,0.0,Parallel SMD/PR,141.0,0.0,1.0,3.0,2.5,1.0,1.0,1.0,0.0,0.0,7.0,9.0,8.0,4.0,8.0,10.0,1.0,10.0,10.0,8.0,10.0,9.0,7.0,7.0,8.0,10.0,10.0,9.0,7.0,9.66666666666667,10.0,10.0,10.0,9.5,7.0,9.0,8.0,8.0,10.0,7.5,10.0,9.0,10.0,7.33333333333333,10.0,7.0,7.0,8.0,9.5,10.0,10.0,8.33333333333333,1.0,7.5,9230.70798102521
4893,lithuania,2018,1.0,1.0,F,1.0,Mixed democratic,0.0,0.0,1.0,1.0,Dalia Grybauskaite,2009.0,1956.0,0.0,1.0,0.0,0.0,0.0,"0,5",109.0,1.0,0.0,Parallel SMD/PR,141.0,0.0,1.0,3.0,2.5,1.0,1.0,1.0,0.0,0.0,8.0,9.0,9.0,3.0,8.0,10.0,1.0,10.0,10.0,9.0,10.0,10.0,9.0,9.0,9.0,10.0,9.0,10.0,8.0,9.66666666666667,10.0,10.0,10.0,9.75,7.0,10.0,8.0,8.0,9.75,8.0,10.0,9.0,9.0,8.33333333333333,10.0,8.0,8.0,8.0,10.0,10.0,10.0,8.33333333333333,1.0,8.5,19176.1765182085
5025,madagascar,2006,4.0,3.0,PF,1.0,Mixed democratic,0.0,0.0,1.0,1.0,Marc Ravalomanana,2002.0,1949.0,0.0,0.0,0.0,0.0,0.0,"0,666666667",113.0,2.0,0.0,FPTP / Party list,160.0,0.0,1.0,3.0,2.666666667,1.0,1.0,1.0,0.0,0.0,3.0,8.0,6.0,7.0,8.0,9.0,3.0,9.0,7.0,4.0,10.0,9.0,4.0,7.0,4.0,9.0,7.0,6.0,4.0,9.0,9.0,9.0,10.0,4.75,5.0,7.0,7.0,7.0,9.0,5.0,8.0,7.0,9.0,4.66666666666667,6.0,4.0,4.0,2.0,8.0,9.0,8.0,6.0,8.0,4.0,338.751126492786
5037,madagascar,2018,3.0,4.0,PF,3.0,Civilian dictatorship,0.0,0.0,0.0,1.0,Hery Rajaonarimampianina,2014.0,1958.0,0.0,0.0,0.0,0.0,0.0,"0,666666667",113.0,2.0,0.0,FPTP / Party list,151.0,0.0,1.0,2.0,2.666666667,0.0,1.0,0.0,0.0,0.0,4.0,5.0,5.0,7.0,6.0,7.0,5.0,7.0,5.0,3.0,7.0,6.0,4.0,5.0,4.0,6.0,4.0,4.0,5.0,6.66666666666667,6.0,8.0,5.0,5.25,4.0,5.0,4.0,6.0,5.5,4.25,6.0,4.0,7.0,4.0,4.0,4.0,3.0,2.0,6.0,8.0,5.0,5.33333333333333,8.0,3.5,527.501326141803
5073,malawi,2006,4.0,3.0,PF,2.0,Presidential democracy,0.0,1.0,1.0,1.0,Bingu wa Mutharika,2004.0,1934.0,0.0,0.0,0.0,0.0,0.0,0,114.0,1.0,0.0,FPTP,193.0,0.0,1.0,3.0,2.0,1.0,1.0,1.0,0.0,0.0,4.0,7.0,4.0,8.0,8.0,7.0,2.0,7.0,9.0,3.0,6.0,6.0,3.0,3.0,2.0,7.0,6.0,6.0,2.0,6.0,9.0,9.0,7.0,3.75,4.0,6.0,4.0,5.0,6.5,4.0,5.5,4.0,8.0,3.66666666666667,8.0,3.0,3.0,1.0,6.5,8.0,6.0,4.33333333333333,9.0,2.5,308.16347571141
5085,malawi,2018,3.0,3.0,PF,2.0,Presidential democracy,0.0,1.0,1.0,1.0,Arthur Peter Mutharika,2014.0,1940.0,0.0,0.0,0.0,0.0,0.0,"0,333333333",114.0,1.0,0.0,FPTP,192.0,0.0,1.0,3.0,2.333333333,1.0,1.0,1.0,0.0,0.0,4.0,6.0,5.0,7.0,7.0,7.0,4.0,7.0,7.0,4.0,8.0,8.0,4.0,3.0,5.0,6.0,7.0,6.0,4.0,7.33333333333333,9.0,8.0,8.0,5.75,4.0,7.0,5.0,7.0,7.25,4.5,6.5,5.0,8.0,4.33333333333333,6.0,4.0,3.0,2.0,7.0,8.0,6.0,6.33333333333333,8.0,4.0,381.258987601084
5217,mali,2006,2.0,2.0,F,1.0,Mixed democratic,0.0,0.0,1.0,1.0,Amadou Toumani Toure,2002.0,1948.0,0.0,0.0,0.0,0.0,0.0,"0,285714286",117.0,1.0,0.0,Two-round FPTP,160.0,0.0,1.0,3.0,2.0,1.0,1.0,1.0,0.0,0.0,5.0,8.0,7.0,4.0,9.0,8.0,2.0,8.0,7.0,3.0,8.0,8.0,5.0,3.0,5.0,9.0,9.0,5.0,8.0,8.66666666666667,6.0,8.0,10.0,5.5,5.0,7.0,7.0,6.0,9.0,7.5,6.5,4.0,9.0,5.66666666666667,6.0,8.0,5.0,1.0,7.5,9.0,5.0,6.0,8.0,5.0,523.038603102408
5229,mali,2018,4.0,4.0,PF,1.0,Mixed democratic,0.0,0.0,1.0,1.0,Ibrahim Boubacar Keïta,2013.0,1945.0,0.0,0.0,0.0,0.0,0.0,"0,428571429",117.0,1.0,0.0,Two-round FPTP,147.0,0.0,1.0,3.0,2.428571429,1.0,1.0,1.0,0.0,0.0,4.0,6.0,5.0,4.0,4.0,6.0,6.0,6.0,6.0,3.0,7.0,7.0,4.0,3.0,4.0,7.0,7.0,5.0,7.0,7.0,4.0,6.0,8.0,5.25,4.0,6.0,5.0,6.0,7.25,6.25,5.5,4.0,8.0,4.33333333333333,4.0,7.0,4.0,1.0,6.0,7.0,5.0,5.33333333333333,8.0,4.0,894.802186858006
5409,mauritius,2006,1.0,2.0,F,0.0,Parliamentary democracy,0.0,1.0,1.0,0.0,Anerood Jugnauth,2003.0,1930.0,0.0,0.0,0.0,0.0,0.0,"0,5",121.0,1.0,0.0,Bloc voting,70.0,0.0,1.0,3.0,2.5,1.0,1.0,1.0,1.0,0.0,5.0,7.0,8.0,8.0,8.0,9.0,3.0,9.0,8.0,7.0,8.0,10.0,9.0,7.0,5.0,10.0,9.0,7.0,7.0,10.0,9.0,10.0,9.0,7.25,8.0,10.0,8.0,10.0,9.0,7.66666666666667,8.5,8.0,10.0,7.33333333333333,9.0,8.0,8.0,6.0,9.5,9.0,8.0,9.33333333333333,5.0,6.5,5695.96932704928
5421,mauritius,2018,1.0,2.0,F,0.0,Parliamentary democracy,0.0,1.0,1.0,0.0,"Paramasivum Pillay ""Barlen"" Vyapoory",2016.0,1945.0,1.0,0.0,0.0,0.0,0.0,"0,5",121.0,1.0,0.0,Bloc voting,70.0,0.0,1.0,3.0,2.5,1.0,1.0,1.0,0.0,0.0,5.0,8.0,7.0,4.0,8.0,9.0,2.0,10.0,9.0,7.0,10.0,9.0,7.0,7.0,6.0,9.0,7.0,9.0,8.0,9.0,10.0,8.0,9.0,8.5,8.0,9.0,7.0,8.0,8.75,7.5,8.5,7.0,9.0,6.33333333333333,9.0,5.0,8.0,7.0,9.0,9.0,9.0,8.0,3.0,7.0,11208.3438184474
5457,mexico,2006,2.0,3.0,F,2.0,Presidential democracy,0.0,0.0,1.0,1.0,Vicente Fox Quesada,2000.0,1941.0,0.0,0.0,0.0,0.0,0.0,"0,75",122.0,2.0,0.0,Parallel SMD/PR,500.0,0.0,1.0,3.0,2.5,1.0,1.0,1.0,0.0,0.0,3.0,6.0,6.0,4.0,7.0,9.0,4.0,9.0,9.0,5.0,9.0,9.0,5.0,5.0,5.0,10.0,7.0,6.0,7.0,9.66666666666667,7.0,10.0,8.0,8.0,8.0,7.0,6.0,6.0,8.5,6.75,7.0,5.0,10.0,4.66666666666667,9.0,5.0,6.0,6.0,8.0,8.0,7.0,6.0,5.0,5.5,9068.29438701235
5469,mexico,2018,3.0,3.0,PF,2.0,Presidential democracy,0.0,0.0,1.0,1.0,Enrique Peña Nieto,2012.0,1966.0,0.0,0.0,0.0,0.0,0.0,"0,75",122.0,2.0,0.0,Parallel SMD/PR,500.0,0.0,1.0,3.0,2.5,1.0,1.0,1.0,0.0,0.0,3.0,4.0,5.0,6.0,5.0,7.0,7.0,8.0,5.0,5.0,6.0,7.0,5.0,5.0,5.0,7.0,5.0,5.0,6.0,7.33333333333333,5.0,9.0,7.0,7.5,6.0,6.0,6.0,5.0,6.25,5.5,7.0,4.0,8.0,4.66666666666667,7.0,5.0,6.0,6.0,6.5,8.0,7.0,5.66666666666667,6.0,5.5,9686.51378326598
5553,moldova,2006,3.0,4.0,PF,0.0,Parliamentary democracy,0.0,0.0,1.0,0.0,Vladimir Voronin,2001.0,1941.0,0.0,0.0,0.0,0.0,0.0,1,124.0,1.0,1.0,List PR (large multi-member),101.0,0.0,1.0,3.0,3.0,1.0,1.0,1.0,0.0,0.0,2.0,7.0,3.0,7.0,5.0,5.0,5.0,7.0,4.0,4.0,7.0,6.0,3.0,4.0,4.0,7.0,6.0,4.0,4.0,5.0,3.0,10.0,7.0,5.0,4.0,4.0,4.0,3.0,6.75,4.5,5.5,4.0,4.0,3.0,4.0,4.0,4.0,3.0,4.5,8.0,5.0,3.0,8.0,4.0,1183.37921117185
5565,moldova,2018,3.0,4.0,PF,0.0,Parliamentary democracy,0.0,0.0,1.0,0.0,Igor Dodon,2016.0,1975.0,0.0,0.0,0.0,0.0,0.0,1,124.0,1.0,1.0,List PR (large multi-member),101.0,0.0,1.0,3.0,3.0,1.0,1.0,1.0,0.0,0.0,3.0,7.0,7.0,6.0,6.0,7.0,4.0,6.0,6.0,5.0,5.0,7.0,6.0,5.0,6.0,6.0,6.0,5.0,6.0,6.66666666666667,5.0,9.0,8.0,7.0,6.0,6.0,6.0,6.0,6.25,5.5,7.0,5.0,8.0,5.0,5.0,5.0,5.0,4.0,6.5,8.0,7.0,5.33333333333333,8.0,5.5,4233.74343674119
5649,mongolia,2006,2.0,2.0,F,1.0,Mixed democratic,0.0,0.0,1.0,0.0,Nambaryn Enkhbayar,2005.0,1958.0,0.0,0.0,0.0,0.0,0.0,0,126.0,1.0,0.0,FPTP,76.0,0.0,1.0,3.0,1.0,1.0,1.0,1.0,0.0,0.0,5.0,6.0,6.0,8.0,9.0,8.0,1.0,9.0,9.0,4.0,7.0,9.0,5.0,4.0,5.0,6.0,6.0,6.0,5.0,8.66666666666667,8.0,10.0,8.0,6.25,6.0,7.0,6.0,7.0,6.75,6.25,6.5,5.0,8.0,5.33333333333333,8.0,7.0,4.0,3.0,7.5,10.0,6.0,6.33333333333333,8.0,4.5,1334.21168135831
5661,mongolia,2018,1.0,2.0,F,1.0,Mixed democratic,0.0,0.0,1.0,0.0,Khaltmaagiin Battulga,2017.0,1963.0,0.0,0.0,0.0,0.0,0.0,0,126.0,1.0,0.0,FPTP,76.0,0.0,1.0,3.0,1.0,1.0,1.0,1.0,0.0,0.0,5.0,7.0,7.0,6.0,8.0,8.0,3.0,9.0,9.0,5.0,7.0,7.0,5.0,5.0,6.0,8.0,7.0,6.0,7.0,8.0,10.0,10.0,9.0,7.0,6.0,7.0,5.0,6.0,7.75,6.5,6.5,5.0,9.0,5.0,7.0,6.0,6.0,5.0,7.5,10.0,6.0,6.0,7.0,6.0,4134.98719823511
5793,mozambique,2006,3.0,4.0,PF,3.0,Civilian dictatorship,0.0,1.0,0.0,1.0,Armando Emílio Guebuza,2005.0,1943.0,0.0,0.0,0.0,0.0,0.0,"0,285714286",129.0,1.0,1.0,PR,250.0,0.0,1.0,2.0,2.285714286,0.0,1.0,0.0,0.0,0.0,1.0,7.0,7.0,6.0,6.0,8.0,4.0,9.0,8.0,4.0,9.0,9.0,4.0,7.0,3.0,7.0,7.0,6.0,4.0,9.0,9.0,9.0,9.0,4.5,7.0,6.0,7.0,7.0,8.0,5.5,5.5,5.0,9.0,4.0,5.0,5.0,3.0,3.0,7.0,10.0,6.0,6.33333333333333,8.0,3.0,435.334021996232
5805,mozambique,2018,4.0,4.0,PF,3.0,Civilian dictatorship,0.0,1.0,0.0,1.0,Filipe Jacinto Nyusi,2015.0,1959.0,0.0,0.0,0.0,0.0,0.0,"0,428571429",129.0,1.0,1.0,PR,250.0,0.0,1.0,2.0,2.428571429,0.0,1.0,0.0,0.0,0.0,2.0,3.0,4.0,7.0,5.0,3.0,7.0,6.0,4.0,3.0,3.0,6.0,3.0,4.0,4.0,6.0,5.0,3.0,3.0,6.0,5.0,9.0,5.0,4.5,6.0,3.0,3.0,4.0,4.75,4.66666666666667,5.5,3.0,8.0,2.66666666666667,3.0,5.0,3.0,2.0,3.0,9.0,5.0,4.66666666666667,8.0,3.5,503.318727177274
5889,namibia,2006,2.0,2.0,F,3.0,Civilian dictatorship,0.0,1.0,0.0,1.0,Hifikepunye Lucas Pohamba,2005.0,1935.0,0.0,0.0,0.0,0.0,0.0,"0,25",131.0,2.0,1.0,PR and appointed,78.0,0.0,1.0,2.0,2.25,0.0,1.0,1.0,0.0,0.0,5.0,8.0,5.0,5.0,8.0,9.0,4.0,9.0,9.0,5.0,9.0,8.0,6.0,6.0,7.0,9.0,9.0,9.0,6.0,8.33333333333333,9.0,10.0,9.0,7.25,6.0,6.0,6.0,6.0,9.0,5.5,8.0,6.0,9.0,5.66666666666667,8.0,4.0,6.0,4.0,7.5,9.0,7.0,6.0,6.0,6.5,3977.10667839851
5901,namibia,2018,3.0,2.0,F,3.0,Civilian dictatorship,0.0,1.0,0.0,1.0,Hage Gottfried Geingob,2015.0,1941.0,0.0,0.0,0.0,0.0,0.0,"0,5",131.0,2.0,1.0,PR and appointed,96.0,0.0,1.0,2.0,2.5,0.0,1.0,1.0,0.0,0.0,5.0,7.0,5.0,4.0,6.0,8.0,4.0,9.0,9.0,4.0,9.0,6.0,5.0,6.0,5.0,9.0,8.0,9.0,7.0,7.0,9.0,9.0,8.0,7.0,7.0,7.0,5.0,6.0,8.5,6.75,6.0,5.0,8.0,5.0,6.0,6.0,6.0,3.0,7.5,8.0,6.0,6.33333333333333,6.0,5.5,5495.42892533452
6129,nicaragua,2006,3.0,3.0,PF,2.0,Presidential democracy,0.0,0.0,1.0,1.0,Daniel Ortega Salvadera,2007.0,1945.0,0.0,0.0,0.0,0.0,0.0,1,136.0,1.0,1.0,List PR (large multi-member),92.0,0.0,1.0,3.0,3.0,1.0,1.0,1.0,0.0,0.0,4.0,6.0,5.0,6.0,5.0,7.0,4.0,5.0,7.0,4.0,8.0,9.0,4.0,5.0,4.0,8.0,7.0,4.0,6.0,8.66666666666667,7.0,9.0,8.0,5.75,7.0,6.0,4.0,4.0,7.75,6.25,6.0,4.0,9.0,4.0,6.0,5.0,4.0,3.0,6.5,9.0,6.0,4.66666666666667,6.0,4.0,1226.63265230748
6141,nicaragua,2018,6.0,5.0,NF,3.0,Civilian dictatorship,0.0,0.0,0.0,1.0,Daniel Ortega Salvadera,2007.0,1945.0,0.0,0.0,0.0,0.0,0.0,"0,666666667",136.0,1.0,1.0,List PR (large multi-member),92.0,0.0,1.0,2.0,2.666666667,0.0,1.0,0.0,0.0,0.0,3.0,6.0,4.0,4.0,5.0,3.0,4.0,6.0,4.0,4.0,3.0,5.0,4.0,4.0,5.0,5.0,6.0,3.0,6.0,5.33333333333333,7.0,9.0,6.0,6.0,4.0,3.0,7.0,3.0,5.0,5.33333333333333,6.0,3.0,6.0,4.66666666666667,3.0,6.0,5.0,3.0,3.0,8.0,6.0,4.0,6.0,5.0,2020.55192996381
6177,niger,2006,3.0,3.0,PF,1.0,Mixed democratic,0.0,0.0,1.0,1.0,Tandja Mamadou,1999.0,1938.0,0.0,0.0,0.0,0.0,0.0,"0,428571429",137.0,1.0,1.0,Parallel SMD/PR,113.0,0.0,1.0,3.0,2.142857143,1.0,1.0,1.0,0.0,0.0,3.0,7.0,4.0,8.0,8.0,8.0,5.0,7.0,6.0,1.0,8.0,8.0,4.0,3.0,2.0,9.0,5.0,5.0,3.0,8.66666666666667,6.0,7.0,8.0,4.75,6.0,7.0,7.0,7.0,7.5,4.66666666666667,4.5,5.0,9.0,4.66666666666667,8.0,5.0,3.0,1.0,7.5,9.0,5.0,6.0,10.0,2.5,336.281902726521
6189,niger,2018,4.0,4.0,PF,1.0,Mixed democratic,0.0,0.0,1.0,1.0,Mahamadou Issoufou,2011.0,1951.0,0.0,0.0,0.0,0.0,0.0,"0,428571429",137.0,1.0,1.0,Parallel SMD/PR,113.0,0.0,1.0,3.0,2.428571429,1.0,1.0,1.0,0.0,0.0,4.0,6.0,5.0,7.0,7.0,7.0,5.0,7.0,7.0,1.0,7.0,7.0,4.0,3.0,3.0,7.0,7.0,5.0,5.0,8.0,6.0,5.0,7.0,5.25,7.0,7.0,7.0,5.0,7.0,6.0,4.5,5.0,9.0,5.0,8.0,5.0,3.0,1.0,7.0,8.0,3.0,5.33333333333333,9.0,3.0,572.427154260028
6225,nigeria,2006,4.0,4.0,PF,2.0,Presidential democracy,0.0,1.0,1.0,1.0,Olusegun Obasanjo,1999.0,1938.0,0.0,0.0,0.0,0.0,0.0,"0,5",138.0,2.0,0.0,FPTP,360.0,0.0,1.0,3.0,2.5,1.0,1.0,1.0,0.0,0.0,2.0,6.0,5.0,7.0,5.0,7.0,8.0,6.0,6.0,4.0,5.0,7.0,5.0,4.0,4.0,6.0,7.0,5.0,6.0,8.0,5.0,6.0,7.0,5.0,6.0,7.0,5.0,6.0,6.25,6.0,5.5,4.0,9.0,4.0,6.0,4.0,4.0,2.0,7.0,8.0,4.0,5.0,9.0,4.0,1656.42475868056
6237,nigeria,2018,3.0,5.0,PF,2.0,Presidential democracy,0.0,1.0,1.0,1.0,Muhammadu Buhari,2015.0,1942.0,0.0,0.0,0.0,0.0,0.0,"0,5",138.0,2.0,0.0,FPTP,360.0,0.0,1.0,3.0,2.5,1.0,1.0,1.0,0.0,0.0,4.0,4.0,5.0,7.0,4.0,6.0,9.0,6.0,6.0,3.0,6.0,7.0,3.0,3.0,4.0,7.0,6.0,7.0,4.0,7.33333333333333,4.0,4.0,7.0,5.0,4.0,5.0,4.0,4.0,6.5,4.5,4.5,4.0,8.0,3.66666666666667,6.0,4.0,4.0,2.0,5.5,8.0,4.0,3.33333333333333,8.0,4.0,2027.77797925505
6417,pakistan,2006,6.0,5.0,NF,4.0,Military dictatorship,0.0,1.0,0.0,1.0,Pervez Musharraf,1999.0,1943.0,0.0,0.0,0.0,0.0,0.0,"0,25",142.0,2.0,0.0,FPTP and reserved,342.0,0.0,1.0,2.0,1.5,0.0,1.0,0.0,0.0,0.0,3.0,4.0,3.0,7.0,4.0,1.0,7.0,5.0,3.0,3.0,2.0,5.0,5.0,1.0,4.0,4.0,5.0,3.0,3.0,5.33333333333333,5.0,3.0,5.0,5.5,4.0,2.0,4.0,5.0,4.0,3.66666666666667,6.5,5.0,6.0,4.0,4.0,4.0,4.0,4.0,1.5,6.0,5.0,5.0,8.0,4.0,836.86052111605
6429,pakistan,2018,5.0,5.0,PF,0.0,Parliamentary democracy,0.0,1.0,1.0,0.0,Mamnoon Hussain,2009.0,1940.0,0.0,0.0,0.0,0.0,0.0,"0,25",142.0,2.0,0.0,FPTP and reserved,342.0,0.0,1.0,3.0,1.5,1.0,1.0,1.0,0.0,0.0,2.0,2.0,3.0,6.0,3.0,3.0,9.0,5.0,4.0,3.0,3.0,5.0,4.0,3.0,3.0,6.0,3.0,3.0,4.0,4.33333333333333,4.0,3.0,4.0,5.25,4.0,3.0,3.0,3.0,4.0,4.0,5.0,4.0,4.0,3.0,4.0,4.0,3.0,3.0,3.0,5.0,5.0,3.66666666666667,8.0,3.0,1482.30566684338
6513,panama,2006,1.0,2.0,F,2.0,Presidential democracy,0.0,0.0,1.0,1.0,Martin Torrijos,2004.0,1963.0,0.0,0.0,0.0,0.0,0.0,1,144.0,1.0,1.0,Parallel SMD/PR,78.0,0.0,1.0,3.0,3.0,1.0,1.0,1.0,0.0,0.0,3.0,7.0,4.0,5.0,8.0,9.0,4.0,9.0,9.0,5.0,7.0,7.0,4.0,5.0,6.0,10.0,7.0,5.0,7.0,8.0,7.0,9.0,8.0,7.5,7.0,8.0,7.0,7.0,8.0,7.0,6.5,4.0,9.0,4.66666666666667,8.0,6.0,5.0,6.0,8.5,10.0,7.0,6.33333333333333,5.0,5.5,5348.89529216615
6525,panama,2018,1.0,2.0,F,2.0,Presidential democracy,0.0,0.0,1.0,1.0,Juan Carlos Varela Rodríguez,2014.0,1963.0,0.0,0.0,0.0,0.0,0.0,1,144.0,1.0,1.0,Parallel SMD/PR,71.0,0.0,1.0,3.0,3.0,1.0,1.0,1.0,0.0,0.0,4.0,7.0,5.0,5.0,8.0,8.0,3.0,9.0,9.0,5.0,8.0,8.0,4.0,6.0,6.0,8.0,7.0,5.0,7.0,7.33333333333333,8.0,9.0,8.0,7.5,7.0,7.0,7.0,5.0,7.75,6.75,7.5,5.0,8.0,5.0,7.0,7.0,6.0,5.0,7.5,10.0,7.0,6.66666666666667,5.0,6.0,15592.573678922
6609,paraguay,2006,3.0,3.0,PF,2.0,Presidential democracy,0.0,0.0,1.0,1.0,Nicanor Duarte Frutos,2003.0,1956.0,0.0,0.0,0.0,0.0,0.0,1,146.0,2.0,1.0,List PR,80.0,0.0,1.0,3.0,3.0,1.0,1.0,1.0,0.0,0.0,2.0,6.0,4.0,6.0,7.0,7.0,3.0,7.0,7.0,4.0,7.0,6.0,4.0,5.0,4.0,8.0,6.0,5.0,5.0,7.0,7.0,10.0,8.0,4.75,7.0,7.0,4.0,6.0,7.25,5.25,6.0,2.0,8.0,3.33333333333333,8.0,5.0,4.0,4.0,7.0,10.0,6.0,6.33333333333333,6.0,4.0,2271.09003761933
6621,paraguay,2018,3.0,3.0,PF,2.0,Presidential democracy,0.0,0.0,1.0,1.0,Horacio Manuel Cartes Jara,2014.0,1956.0,0.0,0.0,0.0,0.0,0.0,1,146.0,2.0,1.0,List PR,80.0,0.0,1.0,3.0,3.0,1.0,1.0,1.0,1.0,0.0,5.0,6.0,5.0,6.0,7.0,6.0,4.0,7.0,7.0,5.0,8.0,8.0,6.0,4.0,5.0,8.0,6.0,5.0,6.0,8.0,6.0,9.0,8.0,5.75,7.0,6.0,6.0,7.0,7.5,5.75,6.5,4.0,8.0,5.66666666666667,7.0,5.0,5.0,4.0,6.0,9.0,6.0,6.66666666666667,7.0,5.0,5805.67561638869
6657,peru,2006,2.0,3.0,F,2.0,Presidential democracy,0.0,0.0,1.0,1.0,Alejandro Toledo,2001.0,1946.0,0.0,0.0,0.0,0.0,0.0,1,147.0,1.0,1.0,List PR (large multi-member),130.0,0.0,1.0,3.0,3.0,1.0,1.0,1.0,1.0,0.0,4.0,6.0,6.0,6.0,6.0,7.0,5.0,9.0,7.0,3.0,8.0,8.0,4.0,5.0,5.0,9.0,8.0,6.0,4.0,8.0,7.0,9.0,9.0,7.5,5.0,6.0,4.0,5.0,8.5,5.0,7.5,6.0,8.0,4.0,7.0,5.0,5.0,4.0,6.5,9.0,7.0,5.0,5.0,5.0,3154.33123689413
6669,peru,2018,2.0,3.0,F,2.0,Presidential democracy,0.0,0.0,1.0,1.0,Martin Alberto Vizcarra Cornejo,2018.0,1963.0,0.0,0.0,0.0,0.0,0.0,1,147.0,1.0,1.0,List PR (large multi-member),130.0,0.0,1.0,3.0,3.0,1.0,1.0,1.0,0.0,0.0,5.0,6.0,6.0,6.0,6.0,7.0,5.0,7.0,8.0,5.0,8.0,7.0,6.0,6.0,5.0,7.0,8.0,6.0,5.0,8.0,6.0,9.0,8.0,8.25,4.0,6.0,7.0,5.0,7.75,4.5,8.0,6.0,8.0,6.0,8.0,5.0,6.0,5.0,6.5,9.0,7.0,5.66666666666667,6.0,5.5,6941.23584763012
6705,philippines,2006,3.0,3.0,PF,2.0,Presidential democracy,0.0,0.0,1.0,1.0,Gloria Macapagal-Arroyo,2001.0,1947.0,0.0,1.0,0.0,0.0,0.0,"0,666666667",148.0,2.0,0.0,Mixed member SMD/PR,261.0,0.0,1.0,3.0,2.666666667,1.0,1.0,1.0,0.0,0.0,3.0,6.0,6.0,5.0,5.0,8.0,6.0,7.0,5.0,5.0,7.0,7.0,4.0,5.0,5.0,7.0,8.0,7.0,6.0,7.33333333333333,6.0,8.0,10.0,6.5,5.0,7.0,5.0,4.0,8.0,6.0,7.0,4.0,8.0,4.0,9.0,6.0,4.0,5.0,7.5,7.0,6.0,4.33333333333333,6.0,4.5,1452.43865554224
6717,philippines,2018,3.0,3.0,PF,2.0,Presidential democracy,0.0,0.0,1.0,1.0,Rodrigo Roa Duterte,2016.0,1945.0,0.0,0.0,0.0,0.0,0.0,1,148.0,2.0,0.0,Mixed member SMD/PR,292.0,0.0,1.0,3.0,3.0,1.0,1.0,1.0,0.0,0.0,4.0,4.0,5.0,4.0,5.0,7.0,6.0,6.0,4.0,5.0,6.0,6.0,4.0,7.0,7.0,7.0,6.0,7.0,7.0,6.33333333333333,5.0,7.0,8.0,7.0,4.0,7.0,7.0,6.0,6.75,5.75,6.5,5.0,7.0,5.0,6.0,6.0,5.0,5.0,7.0,7.0,7.0,5.33333333333333,7.0,6.0,3252.09232413346
6753,poland,2006,1.0,1.0,F,1.0,Mixed democratic,0.0,0.0,1.0,1.0,Lech Kaczynski,2005.0,1949.0,0.0,0.0,0.0,0.0,0.0,"0,714285714",149.0,2.0,1.0,List PR (large multi-member),460.0,0.0,1.0,3.0,2.714285714,1.0,1.0,1.0,1.0,0.0,6.0,10.0,8.0,2.0,8.0,10.0,2.0,10.0,9.0,8.0,10.0,9.0,7.0,8.0,8.0,10.0,9.0,9.0,9.0,8.66666666666667,10.0,9.0,10.0,9.75,6.0,9.0,7.0,6.0,9.75,7.75,9.0,8.0,9.0,6.66666666666667,10.0,8.0,8.0,8.0,9.5,10.0,10.0,7.33333333333333,2.0,8.0,9035.41046744936
6765,poland,2018,2.0,2.0,F,1.0,Mixed democratic,0.0,0.0,1.0,1.0,Andrzej Sebastian Duda,2015.0,1972.0,0.0,0.0,0.0,0.0,0.0,"0,714285714",149.0,2.0,1.0,List PR (large multi-member),460.0,0.0,1.0,3.0,2.714285714,1.0,1.0,1.0,0.0,0.0,8.0,9.0,7.0,1.0,8.0,8.0,2.0,9.0,8.0,8.0,10.0,8.0,7.0,6.0,8.0,10.0,8.0,7.0,9.0,8.33333333333333,10.0,8.0,9.0,9.75,7.0,8.0,8.0,7.0,9.25,8.0,10.0,8.0,9.0,7.66666666666667,8.0,8.0,9.0,8.0,8.0,10.0,10.0,7.0,2.0,8.5,15468.4822194105
6993,rwanda,2006,6.0,5.0,NF,4.0,Military dictatorship,0.0,0.0,0.0,1.0,Paul Kagame,2000.0,1957.0,0.0,0.0,0.0,0.0,0.0,"0,25",155.0,2.0,1.0,Largest remainder,80.0,0.0,1.0,2.0,1.75,0.0,1.0,0.0,0.0,0.0,5.0,5.0,4.0,10.0,2.0,2.0,9.0,6.0,4.0,5.0,2.0,6.0,5.0,6.0,6.0,3.0,3.0,4.0,6.0,5.33333333333333,7.0,9.0,5.0,5.75,3.0,2.0,5.0,4.0,3.25,3.66666666666667,6.0,5.0,5.0,5.0,2.0,2.0,3.0,2.0,2.0,9.0,8.0,3.66666666666667,9.0,4.5,367.032490290627
7005,rwanda,2018,6.0,6.0,NF,4.0,Military dictatorship,0.0,1.0,0.0,1.0,Paul Kagame,2000.0,1957.0,0.0,0.0,0.0,0.0,0.0,0,155.0,2.0,1.0,Largest remainder,80.0,0.0,1.0,2.0,2.0,0.0,1.0,0.0,0.0,0.0,6.0,3.0,3.0,9.0,5.0,2.0,6.0,5.0,2.0,6.0,2.0,8.0,6.0,6.0,6.0,2.0,3.0,4.0,2.0,7.0,9.0,10.0,3.0,6.5,3.0,2.0,7.0,5.0,2.5,2.66666666666667,5.5,5.0,7.0,6.33333333333333,3.0,3.0,6.0,3.0,2.0,8.0,7.0,5.0,8.0,6.0,783.287184222986
7233,senegal,2006,2.0,3.0,F,1.0,Mixed democratic,0.0,0.0,1.0,1.0,Abdoulaye Wade,2000.0,1926.0,0.0,0.0,0.0,0.0,0.0,"0,4",159.0,1.0,0.0,Parallel SMD/PR,120.0,0.0,1.0,3.0,2.4,1.0,1.0,1.0,0.0,0.0,5.0,9.0,6.0,5.0,9.0,10.0,3.0,9.0,9.0,3.0,9.0,9.0,6.0,4.0,6.0,9.0,9.0,6.0,5.0,9.0,8.0,9.0,9.0,5.25,5.0,7.0,7.0,7.0,9.0,6.5,7.0,6.0,9.0,6.0,6.0,7.0,5.0,2.0,8.5,9.0,6.0,6.33333333333333,7.0,5.5,1040.90399425621
7245,senegal,2018,2.0,3.0,F,1.0,Mixed democratic,0.0,0.0,1.0,1.0,Macky Sall,2012.0,1961.0,0.0,0.0,0.0,0.0,0.0,"0,8",159.0,1.0,0.0,Parallel SMD/PR,150.0,0.0,1.0,3.0,2.8,1.0,1.0,1.0,1.0,0.0,5.0,7.0,7.0,5.0,8.0,9.0,4.0,9.0,9.0,3.0,8.0,9.0,6.0,5.0,5.0,8.0,8.0,6.0,5.0,8.66666666666667,7.0,6.0,8.0,5.75,4.0,7.0,7.0,6.0,8.0,6.25,7.0,6.0,9.0,6.0,6.0,7.0,5.0,2.0,8.0,9.0,6.0,6.66666666666667,7.0,5.0,1465.59100640191
7281,serbia,2006,3.0,2.0,F,1.0,Mixed democratic,0.0,0.0,1.0,0.0,Boris Tadić,2004.0,1958.0,0.0,0.0,0.0,0.0,0.0,"0,777777778",160.0,1.0,1.0,List PR,250.0,1.0,1.0,3.0,2.777777778,1.0,1.0,1.0,0.0,0.0,5.0,7.0,5.0,4.0,6.0,8.0,5.0,6.0,7.0,5.0,8.0,7.0,5.0,5.0,7.0,9.0,8.0,6.0,6.0,7.33333333333333,9.0,9.0,9.0,6.0,6.0,6.0,6.0,5.0,8.5,6.0,6.0,6.0,8.0,5.33333333333333,8.0,4.0,7.0,6.0,7.0,8.0,9.0,5.66666666666667,5.0,7.0,4382.61727851692
7293,serbia,2018,3.0,3.0,PF,1.0,Mixed democratic,0.0,0.0,1.0,0.0,Aleksandar Vučić,2017.0,1970.0,0.0,0.0,0.0,0.0,0.0,"0,777777778",160.0,1.0,1.0,List PR,250.0,0.0,1.0,3.0,2.777777778,1.0,1.0,1.0,0.0,0.0,6.0,8.0,7.0,4.0,7.0,8.0,3.0,8.0,7.0,7.0,9.0,8.0,7.0,7.0,7.0,8.0,7.0,6.0,7.0,7.66666666666667,9.0,8.0,9.0,8.25,7.0,7.0,7.0,7.0,8.25,7.0,7.5,6.0,7.0,6.66666666666667,7.0,7.0,7.0,6.0,7.5,9.0,10.0,7.0,5.0,7.0,7252.40185773992
7425,sierra leone,2006,4.0,3.0,PF,2.0,Presidential democracy,0.0,1.0,1.0,1.0,Ahmad Tejan Kabbah,1998.0,1932.0,0.0,0.0,0.0,0.0,0.0,"0,5",162.0,1.0,0.0,FPTP,112.0,0.0,1.0,3.0,2.5,1.0,1.0,1.0,0.0,0.0,3.0,7.0,5.0,7.0,7.0,7.0,4.0,7.0,7.0,3.0,7.0,8.0,4.0,4.0,3.0,9.0,6.0,4.0,5.0,8.0,7.0,9.0,8.0,5.75,6.0,5.0,6.0,4.0,7.5,5.0,5.5,4.0,8.0,4.33333333333333,4.0,4.0,4.0,1.0,6.0,9.0,5.0,5.0,10.0,3.5,323.389184871498
7437,sierra leone,2018,3.0,3.0,PF,2.0,Presidential democracy,0.0,1.0,1.0,1.0,Julius Maada Wonie Bio,2018.0,1964.0,0.0,0.0,0.0,0.0,0.0,1,162.0,1.0,0.0,FPTP,124.0,0.0,1.0,3.0,3.0,1.0,1.0,1.0,1.0,0.0,4.0,6.0,5.0,6.0,5.0,7.0,4.0,6.0,7.0,3.0,7.0,7.0,4.0,4.0,3.0,8.0,6.0,5.0,5.0,6.66666666666667,8.0,9.0,6.0,5.0,6.0,6.0,4.0,5.0,6.75,5.25,6.0,4.0,7.0,4.0,4.0,4.0,3.0,1.0,6.5,8.0,5.0,4.66666666666667,10.0,3.0,533.991184258936
7473,singapore,2006,5.0,4.0,PF,3.0,Civilian dictatorship,0.0,1.0,0.0,0.0,"Sellapan ""S.R."" Ramanathan",1999.0,1924.0,0.0,0.0,0.0,0.0,0.0,"0,5",163.0,1.0,0.0,FPTP,94.0,0.0,1.0,2.0,2.5,0.0,1.0,0.0,1.0,0.0,9.0,6.0,4.0,6.0,8.0,2.0,2.0,7.0,2.0,10.0,2.0,5.0,10.0,9.0,8.0,5.0,4.0,5.0,4.0,8.0,10.0,10.0,4.0,9.5,7.0,2.0,10.0,5.0,3.75,5.0,9.0,9.0,9.0,9.66666666666667,4.0,4.0,8.0,9.0,2.0,10.0,10.0,5.0,1.0,8.0,33769.1541633501
7485,singapore,2018,4.0,4.0,PF,3.0,Civilian dictatorship,0.0,1.0,0.0,0.0,Halimah binti Yacob,2017.0,1954.0,0.0,1.0,0.0,0.0,0.0,1,163.0,1.0,0.0,FPTP,99.0,0.0,1.0,2.0,3.0,0.0,1.0,0.0,0.0,0.0,9.0,6.0,5.0,6.0,8.0,2.0,3.0,7.0,2.0,10.0,3.0,8.0,9.0,8.0,8.0,5.0,3.0,5.0,4.0,9.0,10.0,10.0,3.0,9.75,7.0,3.0,10.0,5.0,3.5,5.33333333333333,9.0,9.0,10.0,9.33333333333333,3.0,5.0,8.0,9.0,2.5,10.0,10.0,5.0,1.0,8.0,66188.7793961798
7569,slovenia,2006,1.0,1.0,F,0.0,Parliamentary democracy,0.0,0.0,1.0,0.0,Janez Drnovšek,2002.0,1950.0,0.0,0.0,0.0,0.0,0.0,1,166.0,2.0,1.0,List PR,90.0,0.0,1.0,3.0,3.0,1.0,1.0,1.0,0.0,0.0,9.0,9.0,9.0,2.0,9.0,10.0,1.0,10.0,10.0,10.0,10.0,10.0,9.0,9.0,10.0,10.0,10.0,10.0,9.0,9.33333333333333,10.0,9.0,10.0,9.0,8.0,9.0,9.0,9.0,10.0,9.0,9.5,9.0,9.0,9.0,10.0,9.0,9.0,10.0,9.5,10.0,10.0,9.0,1.0,9.5,19672.9655554146
7581,slovenia,2018,1.0,1.0,F,0.0,Parliamentary democracy,0.0,0.0,1.0,0.0,Borut Pahor,2012.0,1963.0,0.0,0.0,0.0,0.0,0.0,1,166.0,2.0,1.0,List PR,90.0,0.0,1.0,3.0,3.0,1.0,1.0,1.0,1.0,0.0,8.0,9.0,8.0,1.0,8.0,10.0,2.0,10.0,10.0,8.0,10.0,9.0,8.0,10.0,9.0,10.0,8.0,9.0,9.0,9.0,10.0,8.0,10.0,9.25,7.0,10.0,8.0,7.0,9.5,8.0,9.0,9.0,9.0,8.0,10.0,9.0,9.0,10.0,10.0,10.0,10.0,7.66666666666667,1.0,9.0,26115.9133661854
7713,south africa,2006,2.0,2.0,F,3.0,Civilian dictatorship,0.0,1.0,0.0,1.0,Thabo Mvuyelwa Mbeki,1999.0,1942.0,0.0,0.0,0.0,0.0,0.0,"0,166666667",169.0,2.0,1.0,PR and Droop quota,400.0,0.0,1.0,2.0,2.166666667,0.0,1.0,1.0,0.0,0.0,6.0,7.0,7.0,3.0,8.0,9.0,5.0,9.0,9.0,6.0,10.0,8.0,7.0,8.0,6.0,10.0,10.0,9.0,10.0,9.0,9.0,9.0,9.0,8.75,7.0,9.0,8.0,8.0,9.75,7.75,8.0,7.0,10.0,7.0,9.0,7.0,6.0,5.0,9.0,10.0,8.0,8.0,6.0,6.0,5602.01104380458
7725,south africa,2018,2.0,2.0,F,3.0,Civilian dictatorship,0.0,1.0,0.0,1.0,Matamela Cyril Ramaphosa,2018.0,1952.0,0.0,0.0,0.0,0.0,0.0,"0,333333333",169.0,2.0,1.0,PR and Droop quota,400.0,0.0,1.0,2.0,2.333333333,0.0,1.0,1.0,0.0,0.0,5.0,8.0,6.0,3.0,7.0,8.0,4.0,8.0,9.0,5.0,8.0,8.0,5.0,7.0,6.0,8.0,7.0,9.0,8.0,7.66666666666667,8.0,9.0,7.0,8.25,7.0,8.0,7.0,7.0,7.5,7.0,7.0,6.0,7.0,5.66666666666667,7.0,6.0,6.0,4.0,8.0,8.0,7.0,6.66666666666667,6.0,6.0,6374.02819575944
7905,sri lanka,2006,4.0,4.0,PF,2.0,Presidential democracy,0.0,1.0,1.0,1.0,Mahinda Rajapakse,2005.0,1945.0,0.0,0.0,0.0,0.0,0.0,1,172.0,1.0,1.0,List PR (large multi-member),225.0,0.0,1.0,3.0,3.0,1.0,1.0,1.0,0.0,0.0,6.0,5.0,6.0,5.0,5.0,6.0,7.0,6.0,5.0,6.0,6.0,7.0,5.0,6.0,6.0,7.0,7.0,6.0,6.0,7.66666666666667,5.0,6.0,7.0,8.25,6.0,6.0,5.0,5.0,6.75,6.0,8.0,6.0,9.0,5.33333333333333,7.0,5.0,6.0,6.0,6.0,5.0,5.0,5.0,6.0,6.0,1435.8171774712
7917,sri lanka,2018,3.0,4.0,PF,2.0,Presidential democracy,0.0,1.0,1.0,1.0,Maithripala Sirisena,2015.0,1951.0,0.0,0.0,0.0,0.0,0.0,1,172.0,1.0,1.0,List PR (large multi-member),225.0,0.0,1.0,3.0,3.0,1.0,1.0,1.0,0.0,0.0,5.0,5.0,7.0,5.0,7.0,6.0,5.0,7.0,7.0,6.0,7.0,7.0,5.0,4.0,6.0,8.0,7.0,7.0,7.0,7.66666666666667,9.0,7.0,7.0,6.75,6.0,6.0,6.0,6.0,7.25,6.25,7.5,5.0,9.0,5.33333333333333,7.0,5.0,7.0,6.0,6.0,6.0,7.0,5.66666666666667,6.0,6.5,4080.56712469552
8097,sudan,2006,7.0,7.0,NF,4.0,Military dictatorship,0.0,0.0,0.0,1.0,Omar Hasan Ahmad al-Bashir,1989.0,1944.0,0.0,0.0,0.0,0.0,0.0,"0,125",176.0,2.0,0.0,Appointed,450.0,0.0,1.0,2.0,1.625,0.0,1.0,0.0,0.0,0.0,2.0,2.0,2.0,8.0,4.0,1.0,10.0,4.0,2.0,2.0,1.0,5.0,2.0,2.0,2.0,2.0,2.0,2.0,2.0,5.0,3.0,3.0,3.0,3.75,4.0,1.0,3.0,4.0,2.0,3.0,4.5,3.0,5.0,2.33333333333333,3.0,3.0,2.0,2.0,1.0,4.0,2.0,3.66666666666667,10.0,2.0,905.309744891891
8109,sudan,2018,7.0,7.0,NF,4.0,Military dictatorship,0.0,0.0,0.0,1.0,Omar Hasan Ahmad al-Bashir,1989.0,1944.0,0.0,0.0,0.0,0.0,0.0,0,176.0,2.0,0.0,Parallel SMD/PR,426.0,0.0,1.0,2.0,1.428571429,0.0,1.0,0.0,0.0,0.0,2.0,1.0,2.0,7.0,2.0,1.0,9.0,2.0,2.0,2.0,2.0,2.0,2.0,2.0,2.0,2.0,3.0,2.0,2.0,2.33333333333333,4.0,3.0,3.0,2.75,3.0,1.0,2.0,2.0,2.5,2.66666666666667,3.5,2.0,3.0,2.0,2.0,3.0,1.0,2.0,1.0,3.0,3.0,2.0,9.0,1.5,623.867252394076
8385,tajikistan,2006,6.0,5.0,NF,3.0,Civilian dictatorship,0.0,0.0,0.0,1.0,Imamoli Rakhmanov,1991.0,1930.0,0.0,0.0,0.0,0.0,0.0,"0,25",183.0,2.0,0.0,FPTP / PR,63.0,0.0,1.0,2.0,1.75,0.0,1.0,0.0,0.0,0.0,2.0,4.0,3.0,10.0,6.0,3.0,8.0,4.0,6.0,3.0,1.0,9.0,5.0,2.0,3.0,3.0,4.0,3.0,3.0,7.33333333333333,4.0,9.0,3.0,3.75,4.0,2.0,3.0,5.0,2.75,3.0,3.5,3.0,5.0,3.33333333333333,4.0,2.0,3.0,2.0,2.5,7.0,3.0,4.0,9.0,3.0,408.838590699258
8397,tajikistan,2018,7.0,6.0,NF,3.0,Civilian dictatorship,0.0,0.0,0.0,1.0,Imamoli Rakhmanov,1991.0,1930.0,0.0,0.0,0.0,0.0,0.0,"0,25",183.0,2.0,0.0,FPTP / PR,63.0,0.0,1.0,2.0,1.75,0.0,1.0,0.0,0.0,0.0,2.0,2.0,2.0,9.0,2.0,1.0,5.0,2.0,2.0,3.0,2.0,6.0,3.0,3.0,5.0,1.0,2.0,2.0,2.0,4.66666666666667,9.0,8.0,2.0,3.5,2.0,1.0,5.0,4.0,1.75,2.66666666666667,3.0,2.0,5.0,3.33333333333333,2.0,4.0,4.0,3.0,1.0,7.0,6.0,4.33333333333333,8.0,4.5,826.621530538704
8433,tanzania,2006,4.0,3.0,PF,4.0,Military dictatorship,0.0,1.0,0.0,1.0,Jakaya Mrisho Kikwete,2005.0,1950.0,0.0,0.0,0.0,0.0,0.0,"0,375",184.0,1.0,0.0,FPTP,324.0,0.0,1.0,2.0,2.125,0.0,1.0,0.0,0.0,0.0,4.0,6.0,4.0,8.0,8.0,6.0,3.0,8.0,8.0,3.0,8.0,8.0,4.0,3.0,2.0,7.0,6.0,6.0,6.0,8.66666666666667,8.0,9.0,7.0,4.0,6.0,6.0,6.0,7.0,7.0,5.75,7.0,3.0,9.0,4.66666666666667,8.0,4.0,4.0,4.0,6.0,8.0,6.0,5.66666666666667,8.0,3.0,485.497487404515
8445,tanzania,2018,4.0,5.0,PF,4.0,Military dictatorship,0.0,1.0,0.0,1.0,John Pombe Joseph Magufuli,2015.0,1959.0,0.0,0.0,0.0,0.0,0.0,"0,25",184.0,1.0,0.0,FPTP,350.0,0.0,1.0,2.0,2.25,0.0,1.0,0.0,0.0,0.0,4.0,6.0,5.0,7.0,6.0,6.0,5.0,5.0,7.0,3.0,8.0,7.0,4.0,3.0,4.0,6.0,6.0,6.0,5.0,6.66666666666667,8.0,8.0,6.0,5.5,6.0,6.0,4.0,6.0,6.5,5.5,6.0,4.0,7.0,4.0,6.0,5.0,4.0,3.0,6.0,7.0,5.0,5.66666666666667,7.0,4.0,1060.99461489421
8625,togo,2006,6.0,5.0,NF,3.0,Civilian dictatorship,0.0,0.0,0.0,1.0,Faure Essozimna Gnassingbé,2005.0,1966.0,0.0,0.0,0.0,0.0,0.0,"0,666666667",187.0,1.0,1.0,Party list proportional representation,81.0,0.0,1.0,2.0,2.666666667,0.0,1.0,0.0,0.0,0.0,3.0,2.0,2.0,8.0,3.0,2.0,4.0,2.0,2.0,2.0,3.0,3.0,2.0,2.0,2.0,3.0,4.0,3.0,2.0,3.66666666666667,9.0,9.0,4.0,4.5,2.0,2.0,2.0,2.0,3.5,2.33333333333333,5.0,2.0,5.0,2.33333333333333,3.0,3.0,3.0,2.0,2.0,9.0,6.0,1.66666666666667,7.0,2.5,407.694697892417
8637,togo,2018,5.0,4.0,PF,3.0,Civilian dictatorship,0.0,0.0,0.0,1.0,Faure Essozimna Gnassingbé,2005.0,1966.0,0.0,0.0,0.0,0.0,0.0,"0,666666667",187.0,2.0,1.0,Party list proportional representation,91.0,0.0,1.0,2.0,2.666666667,0.0,1.0,0.0,0.0,0.0,4.0,5.0,5.0,5.0,5.0,3.0,4.0,6.0,6.0,4.0,3.0,7.0,5.0,4.0,4.0,5.0,5.0,4.0,6.0,7.33333333333333,9.0,9.0,6.0,5.0,4.0,3.0,5.0,5.0,4.75,5.33333333333333,5.0,4.0,8.0,4.66666666666667,4.0,6.0,3.0,2.0,3.0,8.0,6.0,5.0,7.0,3.5,679.97276057805
8817,turkey,2006,3.0,3.0,PF,1.0,Mixed democratic,0.0,0.0,1.0,1.0,Ahmet Necdet Sezer,2000.0,1941.0,0.0,0.0,0.0,0.0,0.0,"0,625",191.0,1.0,1.0,List PR(small multi-member),550.0,0.0,1.0,3.0,2.5,1.0,1.0,1.0,0.0,0.0,5.0,6.0,6.0,6.0,7.0,9.0,5.0,8.0,8.0,6.0,7.0,10.0,6.0,5.0,7.0,8.0,6.0,6.0,7.0,8.33333333333333,8.0,8.0,7.0,7.0,6.0,7.0,8.0,8.0,7.0,6.25,8.0,6.0,7.0,6.33333333333333,7.0,6.0,5.0,5.0,8.0,7.0,8.0,8.0,5.0,6.0,8102.1214888943
8829,turkey,2018,5.0,6.0,NF,3.0,Civilian dictatorship,0.0,0.0,0.0,1.0,Recep Tayyip Erdoğan,2014.0,1954.0,0.0,0.0,0.0,0.0,0.0,"0,625",191.0,1.0,1.0,List PR(small multi-member),550.0,0.0,1.0,2.0,2.5,0.0,1.0,0.0,1.0,0.0,5.0,4.0,3.0,5.0,3.0,5.0,7.0,6.0,4.0,6.0,9.0,8.0,5.0,4.0,7.0,7.0,4.0,4.0,6.0,6.33333333333333,6.0,6.0,4.0,8.0,6.0,5.0,6.0,6.0,6.0,5.75,8.0,5.0,6.0,5.33333333333333,4.0,5.0,7.0,5.0,5.0,7.0,8.0,6.0,5.0,7.0,9455.59365384828
8865,turkmenistan,2006,7.0,7.0,NF,3.0,Civilian dictatorship,0.0,0.0,0.0,1.0,Saparmurad Niyazov,1990.0,1940.0,0.0,0.0,0.0,0.0,0.0,0,192.0,2.0,0.0,Some form of FPTP,2507.0,0.0,1.0,1.0,1.75,0.0,0.0,0.0,0.0,0.0,2.0,1.0,1.0,10.0,2.0,1.0,3.0,1.0,1.0,3.0,1.0,3.0,2.0,3.0,4.0,1.0,1.0,2.0,2.0,3.0,9.0,9.0,1.0,1.75,1.0,1.0,2.0,2.0,1.0,1.66666666666667,2.5,3.0,3.0,2.0,2.0,2.0,4.0,4.0,1.0,6.0,5.0,2.0,6.0,4.0,2136.47432207796
8877,turkmenistan,2018,7.0,7.0,NF,3.0,Civilian dictatorship,0.0,0.0,0.0,1.0,Gurbanguly Berdimuhamedow,2006.0,1957.0,0.0,0.0,0.0,0.0,0.0,0,192.0,1.0,0.0,Single seat constituency,125.0,0.0,1.0,2.0,1.75,0.0,1.0,0.0,1.0,0.0,2.0,2.0,1.0,10.0,4.0,1.0,3.0,1.0,1.0,4.0,1.0,4.0,2.0,3.0,3.0,1.0,1.0,2.0,2.0,4.0,10.0,9.0,1.0,2.0,2.0,1.0,2.0,2.0,1.0,2.0,3.5,3.0,5.0,2.0,2.0,2.0,4.0,3.0,1.0,7.0,6.0,3.0,5.0,3.5,6966.63541063077
8961,uganda,2006,5.0,4.0,PF,3.0,Civilian dictatorship,0.0,1.0,0.0,1.0,Yoweri Musevini,1986.0,1944.0,0.0,0.0,0.0,0.0,0.0,"0,2",195.0,1.0,0.0,FPTP,332.0,0.0,1.0,2.0,1.8,0.0,1.0,0.0,1.0,0.0,4.0,6.0,6.0,5.0,6.0,3.0,5.0,6.0,6.0,4.0,3.0,8.0,6.0,6.0,3.0,4.0,7.0,6.0,6.0,6.66666666666667,4.0,9.0,5.0,7.0,6.0,3.0,7.0,5.0,4.75,6.0,7.0,6.0,6.0,5.66666666666667,7.0,6.0,3.0,3.0,3.0,8.0,5.0,5.0,8.0,3.0,349.217100086696
8973,uganda,2018,6.0,5.0,NF,3.0,Civilian dictatorship,0.0,1.0,0.0,1.0,Yoweri Musevini,1986.0,1944.0,0.0,0.0,0.0,0.0,0.0,0,195.0,1.0,0.0,FPTP,375.0,0.0,1.0,2.0,2.0,0.0,1.0,0.0,0.0,0.0,4.0,6.0,6.0,5.0,5.0,3.0,6.0,7.0,4.0,5.0,3.0,7.0,5.0,5.0,6.0,5.0,5.0,7.0,7.0,7.33333333333333,8.0,8.0,5.0,6.75,7.0,3.0,7.0,5.0,4.5,6.66666666666667,7.0,4.0,8.0,5.33333333333333,5.0,6.0,4.0,3.0,3.0,8.0,6.0,5.0,7.0,5.0,770.452453254239
9009,ukraine,2006,3.0,2.0,F,1.0,Mixed democratic,0.0,0.0,1.0,1.0,Viktor Andriyovych Yushchenko,2005.0,1954.0,0.0,0.0,0.0,0.0,0.0,"0,714285714",196.0,1.0,1.0,List PR(large multi-member),450.0,0.0,1.0,3.0,2.714285714,1.0,1.0,1.0,1.0,0.0,4.0,8.0,5.0,5.0,6.0,6.0,2.0,5.0,6.0,7.0,7.0,4.0,4.0,4.0,7.0,8.0,7.0,7.0,6.0,6.66666666666667,7.0,10.0,9.0,6.75,5.0,7.0,5.0,6.0,7.75,6.25,6.5,6.0,9.0,4.33333333333333,7.0,7.0,6.0,6.0,6.5,9.0,6.0,5.33333333333333,5.0,6.5,2300.76970925872
9021,ukraine,2018,3.0,4.0,PF,1.0,Mixed democratic,0.0,0.0,1.0,1.0,Petro Oleksiyovych Poroshenko,2014.0,1965.0,0.0,0.0,0.0,0.0,0.0,"0,714285714",196.0,1.0,1.0,List PR(large multi-member),450.0,0.0,1.0,3.0,2.714285714,1.0,1.0,1.0,0.0,0.0,5.0,7.0,7.0,4.0,4.0,8.0,9.0,7.0,7.0,6.0,6.0,7.0,5.0,5.0,7.0,8.0,7.0,6.0,6.0,7.0,5.0,9.0,9.0,6.75,4.0,7.0,6.0,7.0,7.5,5.75,6.5,5.0,8.0,5.33333333333333,7.0,7.0,6.0,5.0,7.5,8.0,8.0,6.0,7.0,6.5,3096.81740221352
9201,uruguay,2006,1.0,1.0,F,2.0,Presidential democracy,0.0,0.0,1.0,1.0,Tabaré Ramón Vázquez Rosas,2005.0,1940.0,0.0,0.0,0.0,0.0,0.0,1,200.0,2.0,1.0,List PR(small multi-member),99.0,0.0,1.0,3.0,3.0,1.0,1.0,1.0,0.0,0.0,7.0,10.0,9.0,2.0,9.0,10.0,1.0,10.0,10.0,6.0,10.0,10.0,6.0,7.0,9.0,10.0,10.0,10.0,10.0,10.0,10.0,10.0,10.0,7.5,9.0,10.0,5.0,7.0,10.0,9.5,8.0,10.0,10.0,6.0,10.0,9.0,8.0,8.0,10.0,10.0,10.0,7.66666666666667,3.0,8.5,5887.84870298482
9213,uruguay,2018,1.0,1.0,F,2.0,Presidential democracy,0.0,0.0,1.0,1.0,Tabaré Ramón Vázquez Rosas,2015.0,1940.0,0.0,0.0,0.0,0.0,0.0,1,200.0,2.0,1.0,List PR(small multi-member),99.0,0.0,1.0,3.0,3.0,1.0,1.0,1.0,0.0,0.0,9.0,10.0,10.0,2.0,10.0,10.0,1.0,10.0,10.0,7.0,10.0,10.0,7.0,8.0,9.0,10.0,10.0,10.0,10.0,10.0,10.0,10.0,10.0,8.5,10.0,10.0,9.0,9.0,10.0,9.75,10.0,10.0,10.0,8.33333333333333,10.0,9.0,9.0,7.0,10.0,10.0,10.0,8.33333333333333,2.0,9.0,17277.9701105496
9297,uzbekistan,2006,7.0,7.0,NF,3.0,Civilian dictatorship,0.0,0.0,0.0,1.0,Islam Karimov,1991.0,1938.0,0.0,0.0,0.0,0.0,0.0,"0,2",202.0,2.0,1.0,Party list PR,120.0,0.0,1.0,2.0,2.0,0.0,1.0,0.0,0.0,0.0,2.0,2.0,2.0,8.0,2.0,2.0,6.0,2.0,2.0,4.0,1.0,3.0,3.0,2.0,4.0,2.0,2.0,3.0,3.0,3.33333333333333,7.0,8.0,2.0,3.0,2.0,2.0,2.0,2.0,1.75,2.66666666666667,3.0,3.0,4.0,2.33333333333333,2.0,3.0,4.0,4.0,2.0,7.0,5.0,2.0,6.0,4.0,654.283837283285
9309,uzbekistan,2018,7.0,6.0,NF,3.0,Civilian dictatorship,0.0,0.0,0.0,1.0,Shavkat Miromonovich Mirziyoyev,2016.0,1957.0,0.0,0.0,0.0,0.0,0.0,"0,2",202.0,2.0,1.0,Party list PR,150.0,0.0,1.0,2.0,2.2,0.0,1.0,0.0,0.0,0.0,2.0,2.0,2.0,9.0,5.0,1.0,4.0,2.0,2.0,5.0,2.0,3.0,3.0,5.0,5.0,2.0,2.0,2.0,2.0,3.33333333333333,9.0,9.0,3.0,3.0,2.0,1.0,3.0,2.0,2.25,2.33333333333333,3.0,3.0,4.0,2.66666666666667,2.0,3.0,4.0,4.0,1.0,8.0,6.0,2.66666666666667,7.0,4.5,1529.08286351335
9777,zambia,2006,3.0,4.0,PF,3.0,Civilian dictatorship,0.0,1.0,0.0,1.0,Levy Mwanawasa,2002.0,1948.0,0.0,0.0,0.0,0.0,0.0,"0,285714286",207.0,1.0,0.0,FPTP,159.0,0.0,1.0,2.0,2.0,0.0,1.0,0.0,0.0,0.0,4.0,8.0,4.0,7.0,7.0,6.0,1.0,7.0,8.0,3.0,4.0,8.0,5.0,6.0,4.0,6.0,6.0,5.0,5.0,8.33333333333333,9.0,9.0,9.0,7.0,5.0,6.0,6.0,5.0,6.25,5.5,8.5,6.0,8.0,5.0,7.0,6.0,3.0,3.0,6.0,9.0,6.0,5.0,7.0,3.5,1047.91918744918
9789,zambia,2018,4.0,4.0,PF,2.0,Presidential democracy,0.0,1.0,1.0,1.0,Edgar Chagwa Lungu,2015.0,1956.0,0.0,0.0,0.0,0.0,0.0,"0,285714286",207.0,1.0,0.0,FPTP,159.0,0.0,1.0,3.0,2.285714286,1.0,1.0,1.0,0.0,0.0,3.0,5.0,5.0,6.0,6.0,6.0,4.0,7.0,6.0,4.0,8.0,7.0,4.0,3.0,5.0,6.0,5.0,5.0,5.0,6.66666666666667,9.0,8.0,5.0,6.25,4.0,6.0,4.0,6.0,6.0,5.25,5.5,4.0,7.0,3.66666666666667,6.0,6.0,4.0,3.0,6.0,8.0,6.0,6.0,7.0,4.5,1516.39066079862
9825,zimbabwe,2006,7.0,6.0,NF,3.0,Civilian dictatorship,0.0,0.0,0.0,1.0,Robert Mugabe,1987.0,1924.0,0.0,0.0,0.0,0.0,0.0,"0,25",208.0,2.0,0.0,FPTP,150.0,0.0,1.0,2.0,2.25,0.0,1.0,0.0,0.0,0.0,2.0,3.0,1.0,4.0,3.0,2.0,4.0,4.0,3.0,4.0,3.0,2.0,2.0,3.0,2.0,3.0,4.0,4.0,5.0,2.66666666666667,5.0,9.0,3.0,3.5,5.0,2.0,2.0,2.0,3.25,4.33333333333333,3.0,3.0,4.0,2.0,3.0,3.0,3.0,4.0,2.0,7.0,7.0,1.66666666666667,8.0,2.5,447.854924165548
9837,zimbabwe,2018,5.0,5.0,PF,4.0,Military dictatorship,0.0,0.0,0.0,1.0,Emmerson Dambudzo Mnangagwa,2017.0,1942.0,0.0,0.0,0.0,0.0,0.0,"0,5",208.0,2.0,0.0,FPTP,210.0,0.0,1.0,2.0,2.5,0.0,1.0,0.0,0.0,0.0,2.0,3.0,2.0,6.0,3.0,2.0,6.0,3.0,2.0,4.0,2.0,4.0,2.0,3.0,3.0,3.0,4.0,3.0,3.0,3.33333333333333,9.0,8.0,4.0,3.25,4.0,3.0,2.0,3.0,3.25,3.66666666666667,2.5,2.0,4.0,2.0,3.0,4.0,3.0,2.0,2.5,7.0,4.0,2.33333333333333,7.0,3.0,1683.74057709465
