,country,year,Unnamed: 0,Unnamed: 0.1,PR,CL,Status,DD regime,DD category,Monarchy,Commonwealth,Democracy,Presidential,President name,President accesion,President birthyear,Interim phase (more than 2 Presidents/year=1),Female president (0: No; 1: Yes),Colony,Communist,Regime change lag,spatial democracy,countrycode,No. of chambers in parliament,proportional voting,Election system,No. of members in lower house,New constitution,fullsuffrage,electoral,spatial electoral,alternation,multiparty,free and fair election,parliamentary election year,postponed election,Anticorruption policy,Civil rights,Civil society participation,Civil society traditions,Cleavage conflict management,Commitment to democratic institutions,Conflict intensity,Consensus on goals,Antidemocratic actors,Education policy R&D,Effective power to govern,Effective use of support,Efficient use of assets,Environmental policy,Equal opportunity,Free and fair elections,Freedom of expression,Independent judiciary,Interest groups,International Cooperation,Monopoly on the use of force,No interference of religious dogmas,Association assembly rights,Organization of the Market and Competition,Party system,Performance of democratic institutions,Policy coordination,Policy learning,Political Participation,Political and Social Integration,Private Property,Prosecution of office abuse,Regional cooperation,Resource Efficiency,Separation of powers,Social capital,Social safety nets,Socioeconomic barriers,Stability of Democratic Institutions,State identity,Basic administration,Steering Capability,Structural constraints,Welfare Regime,corruption,efficiency,stability,rol,acc,mortality,trade,gdp,broadband,life_expectancy,tech_exp
0,algeria,2008,0,131,6.0,5.0,NF,3.0,Civilian dictatorship,0.0,0.0,0.0,1.0,Abdelaziz Bouteflika,1999.0,1937.0,0.0,0.0,0.0,0.0,0.0,"0,5",3.0,2.0,1.0,PR Hare quota,380.0,0.0,1.0,2.0,"2,166666667",0.0,1.0,0.0,0.0,0.0,4.0,5.0,4.0,6.0,3.0,2.0,7.0,4.0,3.0,4.0,2.0,5.0,3.0,4.0,4.0,4.0,5.0,4.0,5.0,5.33333333333333,6.0,7.0,5.0,4.25,4.0,2.0,4.0,4.0,4.0,4.33333333333333,5.0,4.0,5.0,3.66666666666667,4.0,4.0,5.0,5.0,2.0,8.0,6.0,4.0,7.0,4.5,-0.5945694,-0.6265267,-1.093989,-0.7414688,-0.9797122,25.3,76.6845389964832,4923.84318504191,1.39646274,74.311,0.749030740115552
1,algeria,2018,1,141,6.0,5.0,NF,3.0,Civilian dictatorship,0.0,0.0,0.0,1.0,Abdelaziz Bouteflika,1999.0,1937.0,0.0,0.0,0.0,0.0,0.0,"0,5",3.0,2.0,1.0,PR Hare quota,462.0,0.0,1.0,2.0,"2,5",0.0,1.0,0.0,0.0,0.0,5.0,5.0,5.0,5.0,6.0,2.0,6.0,5.0,4.0,4.0,2.0,5.0,4.0,5.0,5.0,5.0,6.0,4.0,6.0,5.66666666666667,8.0,6.0,5.0,4.5,4.0,3.0,5.0,4.0,4.5,5.0,4.5,4.0,6.0,4.66666666666667,4.0,5.0,6.0,5.0,2.5,8.0,8.0,4.66666666666667,7.0,5.5,-0.6301624,-0.4439246,-0.8265918,-0.7752355,-0.9816775,20.4,57.8986226487974,4153.73397805915,7.262935415,76.693,3.94875091449496
2,argentina,2008,2,323,2.0,2.0,F,2.0,Presidential democracy,0.0,0.0,1.0,1.0,Cristina Fernandez de Kirchner,2007.0,1953.0,0.0,1.0,0.0,0.0,0.0,1,7.0,2.0,1.0,List PR (small multi-member),257.0,0.0,1.0,3.0,3,1.0,1.0,1.0,1.0,0.0,5.0,7.0,6.0,4.0,8.0,9.0,3.0,9.0,9.0,6.0,10.0,7.0,6.0,5.0,7.0,10.0,8.0,6.0,6.0,7.0,8.0,10.0,10.0,6.25,6.0,7.0,7.0,6.0,9.5,7.0,7.0,5.0,8.0,6.0,5.0,7.0,6.0,7.0,8.0,10.0,8.0,6.66666666666667,4.0,6.5,-0.4355765,-0.1468119,-0.0852222,-0.6766081,0.3588959,13.7,40.4026733790382,9020.87309807194,7.771278857,74.952,38.6198500322713
3,argentina,2018,3,333,2.0,2.0,F,2.0,Presidential democracy,0.0,0.0,1.0,1.0,Mauricio Macri,2015.0,1959.0,0.0,0.0,0.0,0.0,0.0,1,7.0,2.0,1.0,List PR (small multi-member),257.0,0.0,1.0,3.0,3,1.0,1.0,1.0,0.0,0.0,6.0,7.0,6.0,4.0,7.0,8.0,4.0,8.0,9.0,6.0,8.0,8.0,7.0,6.0,7.0,9.0,9.0,7.0,7.0,7.66666666666667,8.0,10.0,10.0,6.75,7.0,7.0,6.0,7.0,9.0,7.5,7.5,7.0,8.0,6.33333333333333,7.0,7.0,6.0,7.0,7.5,10.0,8.0,7.0,4.0,6.5,-0.0702693,0.0259878,0.0192217,-0.2428666,0.5616491,8.7,31.1749415367593,11633.4980086465,19.10152239,76.52,46.2427555472651
4,armenia,2008,4,371,6.0,4.0,PF,1.0,Mixed democratic,0.0,0.0,1.0,1.0,Serzh Sargsyan,2008.0,1954.0,0.0,0.0,0.0,0.0,0.0,"0,5",8.0,1.0,1.0,Parallel SMD/PR,131.0,0.0,1.0,3.0,"2,25",1.0,1.0,1.0,0.0,0.0,4.0,6.0,4.0,4.0,6.0,6.0,3.0,7.0,7.0,5.0,5.0,7.0,6.0,6.0,5.0,6.0,4.0,4.0,5.0,7.0,9.0,9.0,6.0,6.75,6.0,6.0,5.0,6.0,5.25,5.5,8.0,4.0,6.0,5.0,4.0,4.0,6.0,4.0,6.0,9.0,8.0,6.0,6.0,5.5,-0.7080976,-0.1726939,-0.0093653,-0.3405266,-0.8576297,18.3,54.5423279613666,4010.85724255226,0.474580911,72.946,30.8681008383261
5,armenia,2018,5,381,4.0,4.0,PF,1.0,Mixed democratic,0.0,0.0,1.0,1.0,Armen Vardani Sarkissian,2018.0,1953.0,0.0,0.0,0.0,0.0,0.0,"0,25",8.0,1.0,1.0,Parallel SMD/PR,131.0,0.0,1.0,3.0,2,1.0,1.0,1.0,0.0,0.0,3.0,5.0,4.0,5.0,5.0,3.0,3.0,6.0,3.0,5.0,3.0,6.0,5.0,5.0,6.0,4.0,5.0,4.0,6.0,6.0,9.0,9.0,5.0,6.25,5.0,3.0,5.0,5.0,4.25,5.33333333333333,7.5,5.0,6.0,4.33333333333333,4.0,5.0,6.0,4.0,3.0,9.0,7.0,4.66666666666667,6.0,6.0,-0.3491441,-0.0243394,-0.4359334,-0.150221,-0.1132657,11.0,92.473107021212,4220.49027671249,11.7709355,74.945,14.7368317119264
6,azerbaijan,2008,6,515,6.0,5.0,NF,3.0,Civilian dictatorship,0.0,0.0,0.0,1.0,Ilham Gaidar Aliev,2003.0,1961.0,0.0,0.0,0.0,0.0,0.0,"0,5",12.0,1.0,0.0,FPTP,125.0,0.0,1.0,2.0,"2,25",0.0,1.0,0.0,0.0,0.0,3.0,5.0,3.0,7.0,4.0,2.0,4.0,5.0,4.0,4.0,2.0,6.0,4.0,4.0,5.0,3.0,4.0,4.0,3.0,5.66666666666667,6.0,9.0,3.0,5.0,3.0,2.0,5.0,4.0,3.0,3.0,5.0,4.0,5.0,4.0,4.0,3.0,4.0,4.0,2.0,6.0,6.0,3.66666666666667,6.0,4.5,-1.148548,-0.7735335,-0.3334748,-0.8324519,-1.325132,37.0,89.2428968637573,5574.60380218613,0.680127678,70.201,11.1783376400423
7,azerbaijan,2018,7,525,7.0,6.0,NF,3.0,Civilian dictatorship,0.0,0.0,0.0,1.0,Ilham Gaidar Aliev,2003.0,1961.0,0.0,0.0,0.0,0.0,0.0,"0,5",12.0,1.0,0.0,FPTP,125.0,0.0,1.0,2.0,"2,25",0.0,1.0,0.0,0.0,0.0,2.0,3.0,2.0,8.0,5.0,2.0,4.0,4.0,2.0,4.0,2.0,5.0,4.0,5.0,6.0,2.0,2.0,3.0,3.0,6.0,5.0,9.0,3.0,4.25,2.0,2.0,4.0,4.0,2.25,2.66666666666667,4.5,4.0,7.0,3.33333333333333,2.0,3.0,5.0,4.0,2.0,8.0,7.0,4.66666666666667,6.0,5.5,-0.8286991,-0.1004674,-0.6974149,-0.6002193,-1.496132,19.3,91.6725765369825,4739.84171028393,19.00503511,72.864,23.2401143728698
8,belarus,2008,8,755,7.0,6.0,NF,3.0,Civilian dictatorship,0.0,0.0,0.0,1.0,Alyaksandr Rygoravich Lukashenko,1994.0,1954.0,0.0,0.0,0.0,1.0,0.0,"0,8",17.0,2.0,0.0,Single-member constituencies majority,110.0,0.0,1.0,2.0,"2,8",0.0,1.0,0.0,0.0,0.0,5.0,2.0,2.0,7.0,4.0,2.0,3.0,2.0,2.0,5.0,2.0,4.0,3.0,6.0,5.0,2.0,3.0,4.0,4.0,3.33333333333333,10.0,9.0,3.0,4.0,3.0,2.0,6.0,2.0,2.5,3.66666666666667,2.0,4.0,4.0,4.66666666666667,2.0,4.0,7.0,7.0,2.0,9.0,6.0,2.33333333333333,6.0,6.0,-0.6288756,-1.114199,0.5184895,-1.062698,-1.593318,5.0,129.599478545475,6377.36973201232,5.056461778,70.4560975609756,39.1632501580254
9,belarus,2018,9,765,7.0,6.0,NF,3.0,Civilian dictatorship,0.0,0.0,0.0,1.0,Alyaksandr Rygoravich Lukashenko,1994.0,1954.0,0.0,0.0,0.0,1.0,0.0,"0,8",17.0,2.0,0.0,Single-member constituencies majority,110.0,0.0,1.0,2.0,"2,8",0.0,1.0,0.0,0.0,0.0,4.0,4.0,3.0,7.0,5.0,2.0,3.0,2.0,2.0,5.0,3.0,4.0,4.0,6.0,6.0,3.0,3.0,4.0,4.0,4.66666666666667,10.0,9.0,3.0,4.75,3.0,3.0,5.0,4.0,3.0,3.66666666666667,3.5,5.0,6.0,4.33333333333333,3.0,4.0,6.0,7.0,2.5,8.0,7.0,4.0,5.0,6.0,-0.1922859,-0.3010303,0.3559107,-0.8328676,-1.350488,2.6,139.393736250171,6330.0752464187,33.86912852,74.1756097560976,39.0027489757515
14,cameroon,2008,14,1427,6.0,6.0,NF,3.0,Civilian dictatorship,0.0,1.0,0.0,1.0,Paul Biya,1982.0,1933.0,0.0,0.0,0.0,0.0,0.0,"0,166666667",33.0,1.0,0.0,FPTP and Hare quota,180.0,0.0,1.0,2.0,2,0.0,1.0,0.0,1.0,0.0,3.0,4.0,3.0,7.0,3.0,2.0,6.0,4.0,4.0,4.0,2.0,5.0,3.0,4.0,4.0,3.0,4.0,4.0,5.0,4.66666666666667,7.0,9.0,5.0,5.0,5.0,2.0,4.0,4.0,3.5,4.66666666666667,4.5,4.0,4.0,3.33333333333333,4.0,4.0,4.0,3.0,2.0,5.0,5.0,3.33333333333333,6.0,4.0,-1.022167,-0.8058205,-0.5508961,-1.099858,-1.067796,72.9,61.9795982561109,1371.7467084914,0.004466914,54.153,24.7131938153281
15,cameroon,2018,15,1437,6.0,6.0,NF,3.0,Civilian dictatorship,0.0,1.0,0.0,1.0,Paul Biya,1982.0,1933.0,0.0,0.0,0.0,0.0,0.0,"0,166666667",33.0,2.0,0.0,FPTP and Hare quota,180.0,0.0,1.0,2.0,2,0.0,1.0,0.0,0.0,0.0,3.0,4.0,4.0,7.0,3.0,2.0,7.0,4.0,3.0,4.0,2.0,4.0,3.0,4.0,5.0,3.0,3.0,4.0,5.0,5.0,7.0,7.0,5.0,4.75,4.0,2.0,3.0,3.0,3.25,4.33333333333333,4.0,4.0,5.0,3.0,3.0,4.0,4.0,3.0,2.0,6.0,5.0,3.33333333333333,6.0,4.5,-1.151188,-0.7996525,-1.393837,-1.079458,-1.115054,51.6,43.0113824642548,1534.49370193468,1.569673259,58.921,12.4369832883453
16,chile,2008,16,1667,1.0,1.0,F,2.0,Presidential democracy,0.0,0.0,1.0,1.0,Michelle Bachelet,2006.0,1951.0,0.0,1.0,0.0,0.0,0.0,1,39.0,2.0,1.0,List PR (small multi-member),120.0,0.0,1.0,3.0,3,1.0,1.0,1.0,0.0,0.0,9.0,9.0,8.0,3.0,9.0,10.0,2.0,10.0,9.0,6.0,9.0,10.0,9.0,7.0,7.0,9.0,10.0,9.0,8.0,9.66666666666667,10.0,9.0,10.0,9.75,9.0,10.0,8.0,8.0,9.5,8.0,10.0,9.0,9.0,8.66666666666667,10.0,7.0,8.0,8.0,10.0,10.0,10.0,9.0,3.0,7.5,1.376727,1.168234,0.4331903,1.313308,1.013508,7.6,80.7897734291479,10751.479674217,8.541752228,78.33,14.8006432441521
17,chile,2018,17,1677,1.0,1.0,F,2.0,Presidential democracy,0.0,0.0,1.0,1.0,Miguel Juan Sebastián Piñera Echenique,2018.0,1949.0,0.0,0.0,0.0,0.0,0.0,1,39.0,2.0,1.0,List PR (small multi-member),120.0,0.0,1.0,3.0,3,1.0,1.0,1.0,0.0,0.0,9.0,9.0,8.0,3.0,8.0,10.0,3.0,8.0,10.0,6.0,9.0,10.0,9.0,8.0,7.0,9.0,10.0,9.0,8.0,10.0,9.0,10.0,10.0,9.75,7.0,10.0,8.0,9.0,9.5,7.25,10.0,10.0,10.0,8.66666666666667,10.0,7.0,9.0,7.0,10.0,10.0,10.0,8.33333333333333,3.0,8.0,1.046754,1.084034,0.4351017,1.089803,1.056807,6.2,57.3516466624662,15924.7942393064,17.35624022,80.042,9.18581466206624
18,china,2008,18,1715,7.0,6.0,NF,3.0,Civilian dictatorship,0.0,0.0,0.0,0.0,Hu Jintao,2002.0,1942.0,0.0,0.0,0.0,1.0,0.0,"0,470588235",40.0,1.0,1.0,Indirectly elected by the provincial people's congresses,2987.0,0.0,1.0,0.0,"2,117647059",0.0,0.0,0.0,0.0,0.0,4.0,2.0,3.0,9.0,8.0,1.0,5.0,7.0,2.0,7.0,2.0,5.0,5.0,4.0,4.0,2.0,2.0,2.0,2.0,6.66666666666667,9.0,10.0,2.0,6.25,1.0,1.0,6.0,5.0,2.0,2.0,5.5,3.0,7.0,5.0,1.0,3.0,5.0,5.0,1.0,8.0,8.0,5.0,5.0,4.5,-0.5202951,0.150768,-0.491275,-0.4197974,-1.699497,15.8,57.6127153433256,3468.30460207434,6.122995604,73.835,58.1389909834921
19,china,2018,19,1725,7.0,6.0,NF,3.0,Civilian dictatorship,0.0,0.0,0.0,0.0,Xi Jinping,2012.0,1953.0,0.0,0.0,0.0,1.0,0.0,"0,470588235",40.0,1.0,1.0,Indirectly elected by the provincial people's congresses,2987.0,0.0,1.0,0.0,"2,294117647",0.0,0.0,0.0,0.0,0.0,5.0,2.0,3.0,9.0,5.0,1.0,5.0,7.0,1.0,8.0,2.0,8.0,6.0,6.0,6.0,1.0,2.0,2.0,2.0,6.66666666666667,9.0,10.0,2.0,6.75,1.0,1.0,6.0,5.0,1.75,2.66666666666667,6.0,4.0,5.0,5.66666666666667,1.0,5.0,5.0,5.0,1.0,8.0,8.0,5.0,6.0,5.5,-0.2712651,0.4771284,-0.2912534,-0.2017475,-1.447654,7.3,37.4562435729627,9976.67713725865,28.53518942,76.704,60.5250946479758
20,colombia,2008,20,1763,3.0,4.0,PF,2.0,Presidential democracy,0.0,0.0,1.0,1.0,Álvaro Uribe Vélez,2002.0,1952.0,0.0,0.0,0.0,0.0,0.0,1,41.0,2.0,1.0,List PR (small multi-member),166.0,0.0,1.0,3.0,3,1.0,1.0,1.0,0.0,0.0,4.0,5.0,4.0,5.0,4.0,6.0,7.0,7.0,5.0,5.0,6.0,7.0,6.0,5.0,6.0,6.0,6.0,5.0,6.0,7.0,4.0,9.0,6.0,6.75,5.0,6.0,5.0,6.0,6.0,5.25,7.0,5.0,7.0,5.0,6.0,4.0,5.0,6.0,6.0,7.0,5.0,6.0,8.0,5.5,-0.2376168,-0.0287408,-1.850909,-0.3967666,-0.1659226,16.8,39.1676494164355,5472.53652992425,4.004268447,74.962,34.5992785935392
21,colombia,2018,21,1773,3.0,3.0,PF,2.0,Presidential democracy,0.0,0.0,1.0,1.0,Juan Manuel Santos Calderón,2010.0,1951.0,0.0,0.0,0.0,0.0,0.0,"0,8",41.0,2.0,1.0,List PR (small multi-member),166.0,0.0,1.0,3.0,"2,6",1.0,1.0,1.0,1.0,0.0,4.0,6.0,6.0,5.0,6.0,8.0,6.0,7.0,7.0,5.0,7.0,8.0,6.0,5.0,6.0,7.0,7.0,7.0,6.0,8.0,7.0,8.0,7.0,7.5,5.0,7.0,7.0,7.0,7.0,5.5,7.5,6.0,8.0,5.66666666666667,7.0,5.0,6.0,5.0,7.5,8.0,6.0,7.66666666666667,7.0,6.0,-0.2874098,-0.0852262,-0.7874593,-0.4063349,0.1903,12.2,36.5618892194281,6716.91159778134,13.44825224,77.109,39.1327199234754
22,costa rica,2008,22,1955,1.0,1.0,F,2.0,Presidential democracy,0.0,0.0,1.0,1.0,Oscar Arias Sanchez,2006.0,1940.0,0.0,0.0,0.0,0.0,0.0,1,46.0,1.0,1.0,List PR (small multi-member),57.0,0.0,1.0,3.0,3,1.0,1.0,1.0,0.0,0.0,7.0,10.0,8.0,2.0,9.0,10.0,1.0,10.0,10.0,6.0,10.0,9.0,7.0,8.0,7.0,10.0,10.0,10.0,9.0,8.66666666666667,10.0,10.0,10.0,8.75,8.0,9.0,7.0,7.0,10.0,8.75,8.5,8.0,8.0,7.0,10.0,8.0,8.0,8.0,9.5,10.0,9.0,7.33333333333333,4.0,7.5,0.5518208,0.2776813,0.3603145,0.460335,0.9667597,9.5,86.9344295868602,6859.07902178333,2.463274051,78.491,60.6751950879618
23,costa rica,2018,23,1965,1.0,1.0,F,2.0,Presidential democracy,0.0,0.0,1.0,1.0,Carlos Alvarado Quesada,2018.0,1980.0,0.0,0.0,0.0,0.0,0.0,"0,5",46.0,1.0,1.0,List PR (small multi-member),57.0,0.0,1.0,3.0,"2,5",1.0,1.0,1.0,1.0,0.0,8.0,9.0,8.0,2.0,9.0,10.0,1.0,10.0,10.0,7.0,10.0,9.0,7.0,8.0,8.0,10.0,10.0,10.0,9.0,9.33333333333333,9.0,9.0,10.0,8.5,7.0,7.0,7.0,7.0,10.0,8.0,9.0,9.0,9.0,7.33333333333333,10.0,8.0,8.0,6.0,8.5,10.0,9.0,7.33333333333333,4.0,8.0,0.5514317,0.3781868,0.4771462,0.4804583,1.141728,7.5,66.6946767479289,12112.1344206452,16.69754679,80.095,51.0312307890932
24,croatia,2008,24,2051,2.0,2.0,F,1.0,Mixed democratic,0.0,0.0,1.0,0.0,"Stjepan ""Stipe"" Mesić",2000.0,1934.0,0.0,0.0,0.0,0.0,0.0,"0,6",48.0,1.0,1.0,List PR,153.0,0.0,1.0,3.0,"2,6",1.0,1.0,1.0,1.0,0.0,7.0,9.0,7.0,4.0,9.0,9.0,3.0,9.0,10.0,8.0,10.0,9.0,7.0,8.0,9.0,10.0,8.0,7.0,8.0,9.0,10.0,9.0,10.0,8.5,8.0,9.0,7.0,8.0,9.5,8.25,8.5,7.0,9.0,7.0,9.0,8.0,8.0,8.0,9.0,9.0,10.0,8.33333333333333,2.0,8.5,-0.0105806,0.5699982,0.5717462,0.0863836,0.4678069,5.0,83.0676643908534,16296.8059238498,12.13032746,75.9121951219512,49.6094919550239
25,croatia,2018,25,2061,1.0,2.0,F,1.0,Mixed democratic,0.0,0.0,1.0,0.0,Kolinda Grabar-Kitarović,2015.0,1968.0,0.0,1.0,0.0,0.0,0.0,"0,6",48.0,1.0,1.0,List PR,151.0,0.0,1.0,3.0,"2,6",1.0,1.0,1.0,0.0,0.0,7.0,8.0,7.0,4.0,8.0,9.0,2.0,9.0,8.0,8.0,9.0,8.0,7.0,7.0,8.0,9.0,7.0,8.0,8.0,8.0,10.0,8.0,10.0,9.0,7.0,8.0,6.0,7.0,8.75,7.25,8.0,7.0,8.0,6.66666666666667,9.0,7.0,8.0,7.0,8.5,9.0,10.0,7.0,2.0,8.0,0.1316723,0.4569183,0.8100172,0.3243876,0.5031265,4.1,101.248016262668,15014.0850191716,27.14540571,78.0707317073171,45.6145058102252
26,cuba,2008,26,2099,7.0,6.0,NF,4.0,Military dictatorship,0.0,0.0,0.0,1.0,Fidel Castro Ruz,1959.0,1926.0,0.0,0.0,0.0,1.0,0.0,1,49.0,1.0,0.0,Endorsement,614.0,0.0,1.0,1.0,3,0.0,0.0,0.0,1.0,0.0,4.0,3.0,2.0,8.0,4.0,1.0,3.0,2.0,1.0,8.0,1.0,3.0,4.0,5.0,8.0,1.0,2.0,1.0,2.0,4.0,10.0,10.0,2.0,1.75,1.0,1.0,5.0,3.0,1.5,2.33333333333333,2.0,5.0,6.0,4.33333333333333,1.0,4.0,7.0,7.0,1.0,9.0,10.0,2.66666666666667,6.0,7.5,0.2703176,-0.379952,0.5247645,-0.8249094,-1.800639,5.1,44.917220748508,5411.27141824963,0.019987593,78.15,63.4252817474909
27,cuba,2018,27,2109,7.0,6.0,NF,3.0,Civilian dictatorship,0.0,0.0,0.0,1.0,Miguel Diaz Canel,2018.0,1960.0,0.0,0.0,0.0,1.0,0.0,1,49.0,1.0,0.0,Endorsement,612.0,0.0,1.0,1.0,3,0.0,0.0,0.0,1.0,0.0,5.0,4.0,3.0,7.0,6.0,1.0,2.0,3.0,1.0,7.0,1.0,6.0,4.0,5.0,6.0,1.0,3.0,2.0,3.0,6.33333333333333,10.0,10.0,2.0,2.25,1.0,1.0,5.0,4.0,1.75,2.66666666666667,2.5,5.0,7.0,4.66666666666667,2.0,4.0,6.0,6.0,1.0,9.0,8.0,3.66666666666667,6.0,6.0,0.1654531,-0.2448378,0.6563528,-0.4444182,-1.444532,3.9,27.0947682033132,8821.81889125004,0.871730745,78.726,63.4252817474909
28,czech republic,2008,28,2195,1.0,1.0,F,0.0,Parliamentary democracy,0.0,0.0,1.0,0.0,Václav Klaus,2003.0,1941.0,0.0,0.0,0.0,0.0,0.0,1,52.0,2.0,1.0,d'Hondt,200.0,0.0,1.0,3.0,3,1.0,1.0,1.0,0.0,0.0,6.0,10.0,8.0,2.0,9.0,10.0,1.0,10.0,10.0,8.0,10.0,10.0,7.0,9.0,9.0,10.0,10.0,9.0,9.0,10.0,10.0,10.0,10.0,10.0,9.0,9.0,7.0,7.0,10.0,9.0,10.0,8.0,10.0,6.66666666666667,10.0,8.0,10.0,10.0,9.5,10.0,10.0,7.0,1.0,9.5,0.358294,1.013642,1.049845,0.914494,1.032759,3.0,123.742499121909,22804.5776774507,16.87809213,76.9756097560976,66.969353741079
29,czech republic,2018,29,2205,1.0,1.0,F,0.0,Parliamentary democracy,0.0,0.0,1.0,0.0,Miloš Zeman,2013.0,1944.0,0.0,0.0,0.0,0.0,0.0,1,52.0,2.0,1.0,d'Hondt,200.0,0.0,1.0,3.0,3,1.0,1.0,1.0,1.0,0.0,8.0,10.0,10.0,1.0,8.0,9.0,1.0,10.0,10.0,9.0,10.0,10.0,9.0,9.0,9.0,10.0,10.0,9.0,10.0,9.66666666666667,10.0,10.0,10.0,10.0,8.0,9.0,7.0,8.0,10.0,8.75,10.0,8.0,10.0,8.0,10.0,8.0,10.0,10.0,9.0,10.0,10.0,8.0,1.0,9.5,0.5038155,0.9222081,1.038869,1.048951,0.9313924,2.5,148.003370824325,23415.8436273041,30.21688169,79.0292682926829,70.9543763389556
32,ecuador,2008,32,2483,3.0,3.0,PF,2.0,Presidential democracy,0.0,0.0,1.0,1.0,Rafael Correa,2007.0,1963.0,0.0,0.0,0.0,0.0,0.0,1,57.0,1.0,1.0,List PR (small multi-member),130.0,1.0,1.0,3.0,3,1.0,1.0,1.0,0.0,0.0,3.0,7.0,4.0,6.0,4.0,5.0,5.0,5.0,5.0,4.0,7.0,6.0,4.0,4.0,5.0,8.0,8.0,3.0,6.0,6.0,8.0,9.0,9.0,5.5,4.0,5.0,3.0,3.0,8.0,5.0,6.0,4.0,6.0,3.33333333333333,5.0,6.0,5.0,4.0,5.0,9.0,6.0,3.0,6.0,5.0,-0.6871038,-0.8649213,-0.7289105,-1.167481,-0.2223047,17.1,68.0569473760308,4249.01926210976,1.073203089,74.705,19.8712201910828
33,ecuador,2018,33,2493,3.0,3.0,PF,2.0,Presidential democracy,0.0,0.0,1.0,1.0,Lenín Boltaire Moreno Garcés,2017.0,1953.0,0.0,0.0,0.0,0.0,0.0,1,57.0,1.0,1.0,List PR (small multi-member),137.0,0.0,1.0,3.0,3,1.0,1.0,1.0,0.0,0.0,4.0,6.0,4.0,6.0,5.0,5.0,4.0,5.0,7.0,5.0,9.0,7.0,5.0,5.0,6.0,6.0,5.0,4.0,4.0,6.66666666666667,9.0,9.0,6.0,5.75,4.0,6.0,6.0,5.0,6.5,4.5,5.0,5.0,7.0,5.0,4.0,5.0,5.0,5.0,5.5,8.0,7.0,5.66666666666667,6.0,5.5,-0.5656243,-0.2613976,-0.0808058,-0.6388752,0.0243482,12.3,46.3621309486896,6295.93539868079,11.43506241,76.8,11.8462668512369
34,el salvador,2008,34,2579,2.0,3.0,F,2.0,Presidential democracy,0.0,0.0,1.0,1.0,Elias Saca,2004.0,1965.0,0.0,0.0,0.0,0.0,0.0,1,59.0,1.0,1.0,List PR (small multi-member),84.0,0.0,1.0,3.0,3,1.0,1.0,1.0,0.0,0.0,5.0,6.0,4.0,5.0,6.0,9.0,3.0,7.0,9.0,5.0,9.0,9.0,6.0,4.0,4.0,7.0,8.0,6.0,6.0,9.33333333333333,7.0,10.0,7.0,8.5,7.0,7.0,9.0,5.0,7.75,6.25,9.0,6.0,10.0,6.66666666666667,6.0,6.0,4.0,4.0,8.0,9.0,6.0,6.33333333333333,6.0,4.0,-0.3617319,-0.1620378,0.0405789,-0.6676517,0.1120839,18.1,80.6659739399085,2933.39567537172,2.01359674,70.756,19.4500291810274
35,el salvador,2018,35,2589,2.0,3.0,F,2.0,Presidential democracy,0.0,0.0,1.0,1.0,Salvador Sánchez Cerén,2014.0,1944.0,0.0,0.0,0.0,0.0,0.0,"0,333333333",59.0,1.0,1.0,List PR (small multi-member),84.0,0.0,1.0,3.0,"2,333333333",1.0,1.0,1.0,1.0,0.0,5.0,5.0,7.0,5.0,7.0,9.0,4.0,8.0,9.0,5.0,9.0,9.0,6.0,5.0,5.0,9.0,8.0,6.0,7.0,9.33333333333333,6.0,10.0,8.0,8.25,7.0,7.0,8.0,6.0,8.5,6.25,8.5,6.0,10.0,6.33333333333333,7.0,5.0,6.0,4.0,8.0,9.0,6.0,6.66666666666667,7.0,5.5,-0.6006837,-0.4471425,-0.3787947,-0.8280311,0.0428426,11.8,77.1750633677165,4067.65944881154,7.666788252,73.096,15.1684064530519
36,estonia,2008,36,2723,1.0,1.0,F,0.0,Parliamentary democracy,0.0,0.0,1.0,0.0,Toomas Hendrik Ilves,2006.0,1953.0,0.0,0.0,0.0,0.0,0.0,"0,666666667",62.0,1.0,1.0,List PR,101.0,0.0,1.0,3.0,"2,666666667",1.0,1.0,1.0,0.0,0.0,9.0,10.0,8.0,3.0,8.0,10.0,2.0,10.0,10.0,9.0,10.0,10.0,9.0,8.0,9.0,9.0,10.0,10.0,8.0,9.66666666666667,10.0,10.0,10.0,10.0,9.0,10.0,8.0,8.0,9.75,8.75,10.0,9.0,9.0,8.66666666666667,10.0,8.0,8.0,8.0,10.0,8.0,10.0,9.0,2.0,8.5,0.9905757,1.161841,0.5707842,1.199121,1.091653,4.3,136.522920690268,18227.1195304476,21.98835437,73.7707317073171,42.1916319963498
37,estonia,2018,37,2733,1.0,1.0,F,0.0,Parliamentary democracy,0.0,0.0,1.0,0.0,Kersti Kaljulaid,2016.0,1969.0,0.0,1.0,0.0,0.0,0.0,"0,666666667",62.0,1.0,1.0,List PR,101.0,0.0,1.0,3.0,"2,666666667",1.0,1.0,1.0,0.0,0.0,9.0,10.0,9.0,2.0,7.0,10.0,3.0,10.0,10.0,9.0,10.0,10.0,9.0,9.0,9.0,10.0,10.0,10.0,9.0,10.0,10.0,10.0,10.0,10.0,9.0,10.0,8.0,9.0,10.0,9.25,10.0,10.0,10.0,8.66666666666667,10.0,9.0,9.0,8.0,10.0,8.0,10.0,9.0,2.0,9.0,1.506536,1.191938,0.5949079,1.239835,1.213068,2.0,145.65648945196,23170.7073775514,33.34842621,78.2439024390244,47.3959512213751
38,georgia,2008,38,3059,4.0,4.0,PF,1.0,Mixed democratic,0.0,0.0,1.0,1.0,Mikheil Saakashvili,2004.0,1967.0,0.0,0.0,0.0,0.0,0.0,"0,5",69.0,1.0,1.0,Parallel SMD/PR,150.0,0.0,1.0,3.0,"2,5",1.0,1.0,1.0,1.0,0.0,8.0,7.0,5.0,7.0,7.0,9.0,6.0,7.0,7.0,6.0,9.0,9.0,7.0,6.0,4.0,9.0,7.0,5.0,4.0,7.66666666666667,6.0,9.0,9.0,7.0,4.0,7.0,6.0,7.0,8.5,5.0,7.5,7.0,7.0,7.0,5.0,4.0,5.0,4.0,8.0,6.0,6.0,7.33333333333333,7.0,4.5,-0.108393,0.2967184,-0.9201103,-0.2673092,-0.2568539,15.4,86.2982243681487,3324.73587905411,2.706742415,70.946,48.919173443195
39,georgia,2018,39,3069,3.0,3.0,PF,1.0,Mixed democratic,0.0,0.0,1.0,1.0,Giorgi Margvelashvili,2013.0,1969.0,0.0,0.0,0.0,0.0,0.0,"0,25",69.0,1.0,1.0,Parallel SMD/PR,150.0,0.0,1.0,3.0,"2,25",1.0,1.0,1.0,0.0,0.0,7.0,7.0,7.0,6.0,6.0,8.0,5.0,7.0,8.0,6.0,8.0,7.0,6.0,5.0,5.0,9.0,8.0,7.0,5.0,7.33333333333333,5.0,8.0,9.0,7.25,5.0,7.0,7.0,6.0,8.5,5.0,6.5,6.0,8.0,6.66666666666667,6.0,4.0,6.0,4.0,7.5,6.0,7.0,6.0,7.0,5.5,0.7081019,0.6145709,-0.4326036,0.3276485,0.2480459,8.7,111.755539312188,4722.78778321766,21.53768403,73.6,31.0401559082271
40,ghana,2008,40,3251,1.0,2.0,F,2.0,Presidential democracy,0.0,1.0,1.0,1.0,John Agyekum Kufuor,2001.0,1938.0,0.0,0.0,0.0,0.0,0.0,0,71.0,1.0,0.0,FPTP,230.0,0.0,1.0,3.0,"1,333333333",1.0,1.0,1.0,0.0,0.0,4.0,8.0,7.0,5.0,8.0,9.0,4.0,9.0,8.0,5.0,9.0,9.0,5.0,5.0,6.0,9.0,9.0,8.0,7.0,9.0,8.0,8.0,9.0,6.5,8.0,8.0,7.0,8.0,9.0,7.75,7.5,6.0,9.0,5.33333333333333,8.0,7.0,5.0,5.0,8.5,9.0,6.0,7.33333333333333,6.0,5.5,-0.0705424,0.0327254,-0.0276288,-0.0680184,0.4318844,50.5,69.5142256111434,1217.06479703935,0.097522367,60.216,18.1000093911733
41,ghana,2018,41,3261,1.0,2.0,F,2.0,Presidential democracy,0.0,1.0,1.0,1.0,Nana Addo Dankwa Akufo-Addo,2017.0,1944.0,0.0,0.0,0.0,0.0,0.0,0,71.0,1.0,0.0,FPTP,275.0,0.0,1.0,3.0,2,1.0,1.0,1.0,0.0,0.0,5.0,7.0,7.0,4.0,7.0,8.0,4.0,8.0,9.0,5.0,9.0,8.0,5.0,5.0,6.0,8.0,8.0,8.0,8.0,8.33333333333333,9.0,7.0,9.0,6.25,8.0,9.0,7.0,6.0,8.5,7.75,7.5,5.0,8.0,5.66666666666667,8.0,7.0,4.0,4.0,8.5,9.0,6.0,6.0,6.0,5.0,-0.1158941,-0.2102704,-0.017135,0.0715621,0.5792788,35.0,71.6781524250918,2202.31216442504,0.205824537,63.78,15.2038720457311
42,hungary,2008,42,3683,1.0,1.0,F,0.0,Parliamentary democracy,0.0,0.0,1.0,0.0,László Sólyom,2005.0,1942.0,0.0,0.0,0.0,0.0,0.0,"0,875",83.0,1.0,1.0,Mixed member SMD/PR,386.0,0.0,1.0,3.0,"2,875",1.0,1.0,1.0,0.0,0.0,7.0,10.0,8.0,2.0,6.0,10.0,2.0,9.0,10.0,8.0,10.0,9.0,7.0,9.0,9.0,10.0,10.0,9.0,8.0,9.33333333333333,10.0,10.0,10.0,10.0,9.0,8.0,8.0,8.0,10.0,8.5,10.0,8.0,10.0,7.33333333333333,10.0,8.0,9.0,10.0,9.0,10.0,10.0,8.33333333333333,1.0,9.0,0.471792,0.707319,0.7502059,0.9260617,0.9657084,5.5,158.195277169557,15753.4732840195,17.7201518,73.7024390243903,77.4058840279322
43,hungary,2018,43,3693,3.0,3.0,PF,0.0,Parliamentary democracy,0.0,0.0,1.0,0.0,János Áder,2012.0,1959.0,0.0,0.0,0.0,0.0,0.0,"0,875",83.0,1.0,1.0,FPTP and PR,199.0,0.0,1.0,3.0,"2,875",1.0,1.0,1.0,1.0,0.0,5.0,7.0,4.0,2.0,5.0,7.0,3.0,7.0,6.0,6.0,10.0,6.0,5.0,6.0,7.0,7.0,6.0,6.0,6.0,5.66666666666667,10.0,8.0,7.0,8.5,7.0,6.0,6.0,5.0,7.5,6.5,8.5,6.0,6.0,5.33333333333333,5.0,6.0,8.0,8.0,6.5,9.0,10.0,5.66666666666667,1.0,7.5,0.0533697,0.4873109,0.7544653,0.5548946,0.3195869,3.3,163.382021854733,16410.1872639683,31.7234027,76.0658536585366,75.3444795192069
44,india,2008,44,3779,2.0,3.0,F,0.0,Parliamentary democracy,0.0,1.0,1.0,0.0,Pratibha Rao Patil,2007.0,1934.0,0.0,1.0,0.0,0.0,0.0,"0,5",85.0,2.0,0.0,FPTP,543.0,0.0,1.0,3.0,"1,833333333",1.0,1.0,1.0,0.0,0.0,5.0,7.0,7.0,5.0,8.0,8.0,5.0,8.0,9.0,7.0,9.0,6.0,6.0,5.0,4.0,9.0,9.0,8.0,6.0,7.66666666666667,8.0,9.0,10.0,6.75,7.0,9.0,7.0,8.0,9.25,7.0,7.0,6.0,8.0,6.0,9.0,6.0,4.0,5.0,8.5,8.0,8.0,7.66666666666667,6.0,4.0,-0.3371764,-0.0191939,-1.107512,0.0860389,0.4621931,49.4,53.3682204392226,998.522339019268,0.439754556,65.794,27.2989821895677
45,india,2018,45,3789,2.0,3.0,F,0.0,Parliamentary democracy,0.0,1.0,1.0,0.0,Ram Nath Kovind,2017.0,1945.0,0.0,0.0,0.0,0.0,0.0,"0,5",85.0,2.0,0.0,FPTP,543.0,0.0,1.0,3.0,"2,166666667",1.0,1.0,1.0,0.0,0.0,5.0,6.0,7.0,5.0,5.0,9.0,6.0,9.0,8.0,6.0,9.0,7.0,6.0,5.0,4.0,9.0,7.0,7.0,7.0,6.66666666666667,8.0,7.0,7.0,6.75,7.0,8.0,7.0,7.0,8.0,7.25,7.0,6.0,5.0,6.0,9.0,6.0,5.0,4.0,8.5,7.0,7.0,7.0,6.0,4.5,-0.1863026,0.2830485,-0.977272,0.0259461,0.3800421,29.7,43.4049694956895,2005.86300452403,1.343296766,69.416,34.7731280144829
46,indonesia,2008,46,3827,2.0,3.0,F,2.0,Presidential democracy,0.0,0.0,1.0,1.0,Susilo Bambang Yudhoyono,2004.0,1949.0,0.0,0.0,0.0,0.0,0.0,"0,8",86.0,2.0,1.0,List PR (large multi-member),550.0,0.0,1.0,3.0,"2,8",1.0,1.0,1.0,0.0,0.0,3.0,7.0,6.0,6.0,6.0,7.0,7.0,7.0,5.0,4.0,6.0,7.0,5.0,4.0,5.0,9.0,6.0,5.0,5.0,7.66666666666667,7.0,6.0,8.0,5.75,6.0,7.0,5.0,5.0,7.25,5.75,6.5,3.0,8.0,4.33333333333333,7.0,6.0,5.0,6.0,7.0,7.0,7.0,5.33333333333333,5.0,5.0,-0.5937,-0.2372018,-1.058376,-0.6538706,-0.0112615,30.1,58.5613996312961,2166.85416700025,0.416852674,68.485,29.4673067331222
47,indonesia,2018,47,3837,2.0,4.0,PF,2.0,Presidential democracy,0.0,0.0,1.0,1.0,Joko Widodo,2014.0,1961.0,0.0,0.0,0.0,0.0,0.0,"0,8",86.0,2.0,1.0,List PR (large multi-member),560.0,0.0,1.0,3.0,"2,8",1.0,1.0,1.0,0.0,0.0,4.0,6.0,7.0,6.0,5.0,6.0,6.0,6.0,6.0,5.0,7.0,7.0,5.0,3.0,5.0,8.0,6.0,5.0,7.0,7.66666666666667,7.0,5.0,7.0,6.5,6.0,6.0,6.0,6.0,7.0,6.75,6.5,5.0,8.0,5.0,9.0,7.0,6.0,5.0,6.0,7.0,7.0,6.0,6.0,5.5,-0.251563,0.1798754,-0.5367906,-0.3150386,0.1810466,20.9,43.0019440936794,3893.84642475571,3.315312884,71.509,28.7132937769141
48,iraq,2008,48,3923,6.0,6.0,NF,4.0,Military dictatorship,0.0,0.0,0.0,0.0,Jalal Talabani,2005.0,1933.0,0.0,0.0,0.0,0.0,0.0,0,88.0,1.0,1.0,Open party-list proportional representation,275.0,0.0,1.0,2.0,"1,4",0.0,1.0,0.0,0.0,0.0,1.0,3.0,2.0,9.0,1.0,3.0,10.0,3.0,3.0,2.0,3.0,4.0,2.0,1.0,3.0,6.0,5.0,2.0,3.0,4.0,2.0,4.0,6.0,3.25,2.0,3.0,2.0,2.0,5.0,2.0,3.5,2.0,5.0,1.66666666666667,5.0,1.0,3.0,2.0,3.0,4.0,2.0,2.33333333333333,9.0,3.0,-1.46225,-1.235706,-2.468629,-1.768708,-1.104687,30.1,81.0555437123693,4636.61097758271,0.000190236,68.19,0.0641894285484848
49,iraq,2018,49,3933,5.0,6.0,NF,4.0,Military dictatorship,0.0,0.0,0.0,0.0,Muhammad Fuad Masum,2014.0,1938.0,0.0,0.0,0.0,0.0,0.0,0,88.0,1.0,1.0,Open party-list proportional representation,328.0,0.0,1.0,2.0,"1,4",0.0,1.0,0.0,1.0,0.0,3.0,3.0,4.0,9.0,5.0,3.0,10.0,5.0,5.0,3.0,4.0,7.0,3.0,2.0,2.0,6.0,3.0,4.0,3.0,6.33333333333333,4.0,3.0,6.0,4.25,4.0,3.0,4.0,5.0,4.75,3.0,4.0,3.0,7.0,3.33333333333333,5.0,2.0,4.0,3.0,3.0,4.0,3.0,4.0,9.0,3.0,-1.399581,-1.320548,-2.516502,-1.758796,-0.9854601,22.5,79.9252944024375,5834.16621065352,11.68854336,70.454,0.0374855712953873
50,kazakhstan,2008,50,4259,6.0,5.0,NF,3.0,Civilian dictatorship,0.0,0.0,0.0,1.0,Nursultan Nazarbayev,1990.0,1940.0,0.0,0.0,0.0,0.0,0.0,"0,2",95.0,2.0,1.0,PR,107.0,0.0,1.0,1.0,"1,6",0.0,0.0,0.0,1.0,0.0,2.0,4.0,3.0,7.0,7.0,2.0,3.0,6.0,4.0,5.0,2.0,6.0,5.0,5.0,6.0,3.0,4.0,4.0,4.0,7.0,9.0,9.0,4.0,7.25,3.0,2.0,7.0,5.0,3.25,3.66666666666667,7.0,4.0,8.0,4.66666666666667,3.0,4.0,6.0,5.0,2.0,8.0,8.0,5.0,5.0,6.0,-0.9782891,-0.4615707,0.6239348,-0.8240984,-1.09226,21.9,94.2948046483658,8513.56464506814,2.126449278,67.0219512195122,35.4071956934535
51,kazakhstan,2018,51,4269,7.0,5.0,NF,3.0,Civilian dictatorship,0.0,0.0,0.0,1.0,Nursultan Nazarbayev,1990.0,1940.0,0.0,0.0,0.0,0.0,0.0,"0,2",95.0,2.0,1.0,PR,107.0,0.0,1.0,2.0,"1,8",0.0,1.0,0.0,0.0,0.0,3.0,3.0,2.0,7.0,6.0,2.0,4.0,6.0,2.0,6.0,2.0,5.0,5.0,4.0,6.0,2.0,3.0,4.0,3.0,6.66666666666667,9.0,9.0,3.0,6.25,2.0,2.0,6.0,5.0,2.5,3.0,6.0,3.0,8.0,4.66666666666667,2.0,4.0,5.0,5.0,2.0,8.0,8.0,5.0,5.0,5.5,-0.5017782,0.0217204,-0.030635,-0.4316792,-1.17019,9.2,63.5279594235197,9812.60140498928,13.43532382,73.15,35.0989410934768
52,kenya,2008,52,4307,4.0,3.0,PF,2.0,Presidential democracy,0.0,1.0,1.0,1.0,Mwai Kibaki,2002.0,1931.0,0.0,0.0,0.0,0.0,0.0,0,96.0,1.0,0.0,FPTP,224.0,0.0,1.0,3.0,"1,6",1.0,1.0,1.0,1.0,0.0,3.0,8.0,5.0,3.0,6.0,8.0,5.0,7.0,6.0,4.0,7.0,7.0,4.0,4.0,4.0,9.0,8.0,5.0,7.0,7.33333333333333,5.0,10.0,8.0,6.5,4.0,6.0,4.0,5.0,8.0,6.5,6.0,4.0,9.0,3.66666666666667,7.0,6.0,3.0,2.0,7.0,9.0,6.0,5.33333333333333,8.0,3.5,-1.055104,-0.5901043,-1.391941,-0.9938358,-0.2825438,41.4,57.5785986473131,902.070025813736,0.008247893,58.76,17.6774826932022
53,kenya,2018,53,4317,4.0,4.0,PF,3.0,Civilian dictatorship,0.0,1.0,0.0,1.0,Uhuru Muigai Kenyatta,2013.0,1961.0,0.0,0.0,0.0,0.0,0.0,0,96.0,2.0,0.0,FPTP,224.0,0.0,1.0,2.0,"1,2",1.0,1.0,1.0,1.0,0.0,3.0,6.0,5.0,4.0,5.0,7.0,7.0,7.0,5.0,5.0,6.0,7.0,4.0,4.0,5.0,8.0,7.0,6.0,6.0,6.66666666666667,5.0,8.0,5.0,6.5,4.0,6.0,4.0,6.0,6.5,6.0,6.0,4.0,7.0,3.66666666666667,6.0,6.0,4.0,3.0,6.5,8.0,6.0,6.0,7.0,4.5,-0.8523029,-0.4108523,-1.174071,-0.4111333,-0.3574186,32.8,36.1493883302782,1707.98680529003,0.722863317,66.342,21.4752161979734
54,latvia,2008,54,4595,2.0,1.0,F,0.0,Parliamentary democracy,0.0,0.0,1.0,0.0,Valdis Zatlers,2007.0,1955.0,0.0,0.0,0.0,0.0,0.0,"0,666666667",103.0,1.0,1.0,List PR (large multi-member),100.0,0.0,1.0,3.0,"2,666666667",1.0,1.0,1.0,0.0,0.0,6.0,9.0,6.0,4.0,8.0,10.0,3.0,9.0,10.0,9.0,10.0,9.0,8.0,8.0,8.0,9.0,10.0,8.0,6.0,9.33333333333333,10.0,10.0,10.0,9.0,6.0,8.0,7.0,8.0,9.75,6.75,9.0,7.0,9.0,7.0,10.0,7.0,7.0,8.0,9.0,8.0,10.0,8.66666666666667,2.0,7.5,0.2548864,0.5584953,0.2045949,0.8092072,0.7807863,7.3,91.4264738479481,16422.1119788425,18.98014009,72.419512195122,34.2281281082556
55,latvia,2018,55,4605,2.0,2.0,F,0.0,Parliamentary democracy,0.0,0.0,1.0,0.0,Raimonds Vējonis,2015.0,1966.0,0.0,0.0,0.0,0.0,0.0,"0,666666667",103.0,1.0,1.0,List PR (large multi-member),100.0,0.0,1.0,3.0,"2,666666667",1.0,1.0,1.0,0.0,0.0,7.0,9.0,7.0,4.0,8.0,10.0,4.0,10.0,9.0,8.0,9.0,9.0,7.0,9.0,8.0,9.0,8.0,8.0,7.0,9.66666666666667,10.0,10.0,10.0,9.25,6.0,10.0,7.0,8.0,9.0,7.0,10.0,7.0,10.0,7.0,9.0,7.0,8.0,7.0,10.0,8.0,10.0,8.66666666666667,2.0,8.0,0.3286469,1.043452,0.4151432,0.9563159,0.8134512,3.3,123.62322994575,17858.2799784486,27.27540487,74.7829268292683,43.3521674107368
56,lithuania,2008,56,4883,1.0,1.0,F,1.0,Mixed democratic,0.0,0.0,1.0,1.0,Valdas Adamkus,2004.0,1926.0,0.0,0.0,0.0,0.0,0.0,"0,5",109.0,1.0,0.0,Parallel SMD/PR,141.0,0.0,1.0,3.0,"2,5",1.0,1.0,1.0,0.0,0.0,7.0,10.0,8.0,4.0,8.0,10.0,1.0,10.0,10.0,9.0,10.0,9.0,7.0,8.0,9.0,10.0,10.0,9.0,7.0,9.0,10.0,10.0,10.0,9.25,7.0,9.0,7.0,7.0,10.0,7.75,9.5,9.0,9.0,7.0,10.0,8.0,8.0,8.0,9.5,10.0,10.0,8.0,1.0,8.5,0.1396623,0.6169906,0.7462569,0.7224829,0.8496562,5.9,126.849087602913,14944.996652175,18.36687816,71.8121951219512,40.0461769347731
57,lithuania,2018,57,4893,1.0,1.0,F,1.0,Mixed democratic,0.0,0.0,1.0,1.0,Dalia Grybauskaite,2009.0,1956.0,0.0,1.0,0.0,0.0,0.0,"0,5",109.0,1.0,0.0,Parallel SMD/PR,141.0,0.0,1.0,3.0,"2,5",1.0,1.0,1.0,0.0,0.0,8.0,9.0,9.0,3.0,8.0,10.0,1.0,10.0,10.0,9.0,10.0,10.0,9.0,9.0,9.0,10.0,9.0,10.0,8.0,9.66666666666667,10.0,10.0,10.0,9.75,7.0,10.0,8.0,8.0,9.75,8.0,10.0,9.0,9.0,8.33333333333333,10.0,8.0,8.0,8.0,10.0,10.0,10.0,8.33333333333333,1.0,8.5,0.4979783,1.072398,0.7483402,0.9566904,0.9234785,3.3,148.639351605477,19176.1765182085,28.15668213,75.6804878048781,42.4868133180853
58,madagascar,2008,58,5027,4.0,3.0,PF,1.0,Mixed democratic,0.0,0.0,1.0,1.0,Marc Ravalomanana,2002.0,1949.0,0.0,0.0,0.0,0.0,0.0,"0,666666667",113.0,2.0,0.0,FPTP / Party list,127.0,0.0,1.0,3.0,"2,666666667",1.0,1.0,1.0,1.0,0.0,5.0,7.0,6.0,6.0,6.0,9.0,3.0,7.0,6.0,3.0,9.0,10.0,5.0,6.0,3.0,8.0,8.0,5.0,5.0,9.66666666666667,9.0,9.0,9.0,5.5,5.0,8.0,5.0,7.0,8.5,5.75,6.0,8.0,10.0,5.0,5.0,5.0,3.0,3.0,8.5,9.0,6.0,6.33333333333333,7.0,3.0,-0.2661915,-0.6498098,-0.4700531,-0.4496756,-0.3261529,49.8,74.3573571002691,536.351459479855,0.017443076,62.509,2.12979117824562
59,madagascar,2018,59,5037,3.0,4.0,PF,3.0,Civilian dictatorship,0.0,0.0,0.0,1.0,Hery Rajaonarimampianina,2014.0,1958.0,0.0,0.0,0.0,0.0,0.0,"0,666666667",113.0,2.0,0.0,FPTP / Party list,151.0,0.0,1.0,2.0,"2,666666667",0.0,1.0,0.0,0.0,0.0,4.0,5.0,5.0,7.0,6.0,7.0,5.0,7.0,5.0,3.0,7.0,6.0,4.0,5.0,4.0,6.0,4.0,4.0,5.0,6.66666666666667,6.0,8.0,5.0,5.25,4.0,5.0,4.0,6.0,5.5,4.25,6.0,4.0,7.0,4.0,4.0,4.0,3.0,2.0,6.0,8.0,5.0,5.33333333333333,8.0,3.5,-1.000645,-1.153121,-0.5702538,-0.8138813,-0.3045127,37.5,62.5018012233029,527.501326141803,0.103612351,66.681,4.63788919549407
60,malawi,2008,60,5075,4.0,4.0,PF,2.0,Presidential democracy,0.0,1.0,1.0,1.0,Bingu wa Mutharika,2004.0,1934.0,0.0,0.0,0.0,0.0,0.0,0,114.0,1.0,0.0,FPTP,193.0,0.0,1.0,3.0,2,1.0,1.0,1.0,0.0,0.0,4.0,6.0,5.0,5.0,5.0,7.0,5.0,6.0,9.0,3.0,9.0,7.0,4.0,3.0,3.0,6.0,6.0,6.0,3.0,7.33333333333333,9.0,9.0,8.0,4.75,4.0,7.0,5.0,7.0,7.25,4.5,6.0,5.0,7.0,4.33333333333333,7.0,4.0,3.0,1.0,7.0,9.0,6.0,6.0,8.0,3.0,-0.4456559,-0.545629,-0.0621808,-0.1104348,-0.2466548,57.2,61.9657689679199,387.605975305468,0.007182458,52.206,15.2776263525962
61,malawi,2018,61,5085,3.0,3.0,PF,2.0,Presidential democracy,0.0,1.0,1.0,1.0,Arthur Peter Mutharika,2014.0,1940.0,0.0,0.0,0.0,0.0,0.0,"0,333333333",114.0,1.0,0.0,FPTP,192.0,0.0,1.0,3.0,"2,333333333",1.0,1.0,1.0,0.0,0.0,4.0,6.0,5.0,7.0,7.0,7.0,4.0,7.0,7.0,4.0,8.0,8.0,4.0,3.0,5.0,6.0,7.0,6.0,4.0,7.33333333333333,9.0,8.0,8.0,5.75,4.0,7.0,5.0,7.0,7.25,4.5,6.5,5.0,8.0,4.33333333333333,6.0,4.0,3.0,2.0,7.0,8.0,6.0,6.33333333333333,8.0,4.0,-0.7446045,-0.7286705,-0.4234232,-0.3803955,-0.0577253,32.1,68.9861649721217,381.258987601084,0.062601908,63.798,41.5723787499702
66,mauritius,2008,66,5411,1.0,2.0,F,0.0,Parliamentary democracy,0.0,1.0,1.0,0.0,Anerood Jugnauth,2003.0,1930.0,0.0,0.0,0.0,0.0,0.0,"0,5",121.0,1.0,0.0,Bloc voting,70.0,0.0,1.0,3.0,"2,5",1.0,1.0,1.0,0.0,0.0,6.0,8.0,7.0,4.0,8.0,10.0,3.0,9.0,9.0,7.0,10.0,10.0,8.0,8.0,6.0,10.0,9.0,8.0,7.0,9.33333333333333,10.0,9.0,10.0,7.5,9.0,9.0,8.0,9.0,9.75,7.5,8.0,7.0,9.0,7.33333333333333,9.0,7.0,8.0,8.0,9.5,10.0,8.0,8.66666666666667,3.0,7.0,0.5153103,0.7739719,0.8898097,0.9962615,0.8638719,12.8,115.489315893532,8030.06300537304,4.23727993,72.5707317073171,12.3986373216209
67,mauritius,2018,67,5421,1.0,2.0,F,0.0,Parliamentary democracy,0.0,1.0,1.0,0.0,"Paramasivum Pillay ""Barlen"" Vyapoory",2016.0,1945.0,1.0,0.0,0.0,0.0,0.0,"0,5",121.0,1.0,0.0,Bloc voting,70.0,0.0,1.0,3.0,"2,5",1.0,1.0,1.0,0.0,0.0,5.0,8.0,7.0,4.0,8.0,9.0,2.0,10.0,9.0,7.0,10.0,9.0,7.0,7.0,6.0,9.0,7.0,9.0,8.0,9.0,10.0,8.0,9.0,8.5,8.0,9.0,7.0,8.0,8.75,7.5,8.5,7.0,9.0,6.33333333333333,9.0,5.0,8.0,7.0,9.0,9.0,9.0,8.0,3.0,7.0,0.2697556,0.8760849,0.8758175,0.7790678,0.7596182,13.7,94.9841664311718,11208.3438184474,21.67797125,74.4163414634146,14.3398588875716
68,mexico,2008,68,5459,2.0,3.0,F,2.0,Presidential democracy,0.0,0.0,1.0,1.0,Felipe Calderon,2006.0,1962.0,0.0,0.0,0.0,0.0,0.0,"0,75",122.0,2.0,0.0,Parallel SMD/PR,500.0,0.0,1.0,3.0,"2,5",1.0,1.0,1.0,0.0,0.0,4.0,6.0,5.0,4.0,6.0,8.0,5.0,8.0,9.0,5.0,9.0,8.0,6.0,6.0,5.0,8.0,7.0,6.0,7.0,8.66666666666667,7.0,10.0,8.0,8.5,8.0,7.0,6.0,6.0,8.0,6.75,7.5,5.0,9.0,5.33333333333333,9.0,5.0,6.0,6.0,7.5,9.0,8.0,6.0,5.0,5.5,-0.2446972,0.1873924,-0.8037661,-0.6678741,0.1349276,17.5,57.7770309296138,10016.5713043884,6.797468374,75.194,76.8801374776389
69,mexico,2018,69,5469,3.0,3.0,PF,2.0,Presidential democracy,0.0,0.0,1.0,1.0,Enrique Peña Nieto,2012.0,1966.0,0.0,0.0,0.0,0.0,0.0,"0,75",122.0,2.0,0.0,Parallel SMD/PR,500.0,0.0,1.0,3.0,"2,5",1.0,1.0,1.0,0.0,0.0,3.0,4.0,5.0,6.0,5.0,7.0,7.0,8.0,5.0,5.0,6.0,7.0,5.0,5.0,5.0,7.0,5.0,5.0,6.0,7.33333333333333,5.0,9.0,7.0,7.5,6.0,6.0,6.0,5.0,6.25,5.5,7.0,4.0,8.0,4.66666666666667,7.0,5.0,6.0,6.0,6.5,8.0,7.0,5.66666666666667,6.0,5.5,-0.8544276,-0.153388,-0.5734344,-0.6378888,0.0069657,12.6,80.5632997329994,9686.51378326598,14.54862775,74.992,81.000571342817
70,moldova,2008,70,5555,4.0,4.0,PF,0.0,Parliamentary democracy,0.0,0.0,1.0,0.0,Vladimir Voronin,2001.0,1941.0,0.0,0.0,0.0,0.0,0.0,1,124.0,1.0,1.0,List PR (large multi-member),101.0,0.0,1.0,3.0,3,1.0,1.0,1.0,0.0,0.0,3.0,7.0,6.0,7.0,6.0,7.0,5.0,6.0,6.0,5.0,7.0,7.0,4.0,4.0,4.0,8.0,7.0,6.0,5.0,6.33333333333333,6.0,10.0,8.0,5.5,7.0,7.0,5.0,4.0,7.5,5.75,5.5,6.0,6.0,4.0,5.0,4.0,4.0,3.0,7.0,9.0,7.0,4.0,8.0,4.0,-0.631423,-0.773073,-0.2709488,-0.4253814,-0.3071825,15.2,134.4216013477,2111.20149504197,2.801605975,68.671,14.1934185823806
71,moldova,2018,71,5565,3.0,4.0,PF,0.0,Parliamentary democracy,0.0,0.0,1.0,0.0,Igor Dodon,2016.0,1975.0,0.0,0.0,0.0,0.0,0.0,1,124.0,1.0,1.0,List PR (large multi-member),101.0,0.0,1.0,3.0,3,1.0,1.0,1.0,0.0,0.0,3.0,7.0,7.0,6.0,6.0,7.0,4.0,6.0,6.0,5.0,5.0,7.0,6.0,5.0,6.0,6.0,6.0,5.0,6.0,6.66666666666667,5.0,9.0,8.0,7.0,6.0,6.0,6.0,6.0,6.25,5.5,7.0,5.0,8.0,5.0,5.0,5.0,5.0,4.0,6.5,8.0,7.0,5.33333333333333,8.0,5.5,-0.7268325,-0.4665205,-0.395564,-0.4136537,-0.0918864,12.6,85.8662253827237,4233.74343674119,15.37866762,71.808,37.9482881089351
72,mongolia,2008,72,5651,2.0,2.0,F,1.0,Mixed democratic,0.0,0.0,1.0,0.0,Nambaryn Enkhbayar,2005.0,1958.0,0.0,0.0,0.0,0.0,0.0,0,126.0,1.0,0.0,FPTP,76.0,0.0,1.0,3.0,1,1.0,1.0,1.0,1.0,0.0,4.0,7.0,6.0,8.0,8.0,8.0,2.0,8.0,9.0,4.0,7.0,9.0,5.0,4.0,5.0,7.0,6.0,6.0,5.0,8.66666666666667,8.0,10.0,8.0,6.0,6.0,7.0,5.0,7.0,7.0,6.0,6.5,4.0,8.0,4.66666666666667,7.0,6.0,4.0,3.0,7.5,10.0,6.0,6.33333333333333,8.0,4.5,-0.661201,-0.5280833,0.5408983,-0.3458996,0.2686976,28.8,121.198013401183,2136.56321364601,1.235002268,66.447,1.90909472882918
73,mongolia,2018,73,5661,1.0,2.0,F,1.0,Mixed democratic,0.0,0.0,1.0,0.0,Khaltmaagiin Battulga,2017.0,1963.0,0.0,0.0,0.0,0.0,0.0,0,126.0,1.0,0.0,FPTP,76.0,0.0,1.0,3.0,1,1.0,1.0,1.0,0.0,0.0,5.0,7.0,7.0,6.0,8.0,8.0,3.0,9.0,9.0,5.0,7.0,7.0,5.0,5.0,6.0,8.0,7.0,6.0,7.0,8.0,10.0,10.0,9.0,7.0,6.0,7.0,5.0,6.0,7.75,6.5,6.5,5.0,9.0,5.0,7.0,6.0,6.0,5.0,7.5,10.0,6.0,6.0,7.0,6.0,-0.4278318,-0.2333477,0.8408516,-0.2666385,0.2637891,14.2,122.49928517891,4134.98719823511,9.657070685,69.689,1.91856229645201
74,montenegro,2008,74,5699,3.0,3.0,PF,3.0,Civilian dictatorship,0.0,0.0,0.0,1.0,Filip Vujanovic,2003.0,1954.0,0.0,0.0,0.0,0.0,0.0,"0,75",127.0,1.0,1.0,"One constituency, d'Hondt",81.0,0.0,1.0,2.0,"2,75",0.0,1.0,0.0,0.0,0.0,6.0,8.0,6.0,5.0,7.0,9.0,2.0,8.0,8.0,5.0,9.0,8.0,6.0,7.0,7.0,9.0,7.0,6.0,6.0,7.66666666666667,9.0,9.0,9.0,6.5,7.0,7.0,7.0,8.0,8.5,6.75,6.5,5.0,8.0,6.33333333333333,8.0,6.0,7.0,6.0,8.0,9.0,10.0,7.33333333333333,6.0,7.0,-0.2145137,-0.0349911,0.7651006,-0.0756757,0.2359085,7.2,132.340271682179,7367.75190910882,6.39750853,74.43,26.9877632851905
75,montenegro,2018,75,5709,4.0,3.0,PF,3.0,Civilian dictatorship,0.0,0.0,0.0,1.0,Filip Vujanovic,2003.0,1954.0,0.0,0.0,0.0,0.0,0.0,"0,75",127.0,1.0,1.0,"One constituency, d'Hondt",81.0,0.0,1.0,2.0,"2,75",0.0,1.0,0.0,0.0,0.0,7.0,8.0,7.0,4.0,7.0,7.0,3.0,10.0,8.0,6.0,9.0,9.0,5.0,6.0,7.0,7.0,6.0,7.0,7.0,9.0,10.0,8.0,8.0,8.5,7.0,7.0,7.0,7.0,7.5,7.25,8.0,6.0,10.0,6.33333333333333,7.0,7.0,7.0,7.0,7.0,8.0,10.0,7.33333333333333,5.0,7.0,0.0228173,0.1311615,0.0525616,0.0984407,0.0803127,2.2,109.609318204725,8846.05652531746,25.33079328,76.77,26.1086715718
76,mozambique,2008,76,5795,3.0,3.0,PF,3.0,Civilian dictatorship,0.0,1.0,0.0,1.0,Armando Emílio Guebuza,2005.0,1943.0,0.0,0.0,0.0,0.0,0.0,"0,285714286",129.0,1.0,1.0,PR,250.0,0.0,1.0,2.0,"2,285714286",0.0,1.0,0.0,0.0,0.0,2.0,6.0,4.0,7.0,5.0,8.0,2.0,6.0,5.0,2.0,8.0,8.0,4.0,4.0,3.0,8.0,7.0,4.0,4.0,8.0,8.0,10.0,7.0,5.0,6.0,6.0,7.0,5.0,7.5,5.25,5.0,5.0,8.0,4.33333333333333,4.0,5.0,3.0,2.0,7.0,9.0,6.0,5.0,6.0,3.0,-0.4920207,-0.5113532,0.3815113,-0.606939,-0.0727424,76.0,62.3331299273264,563.649634288657,0.049985195,51.292,35.8949813740509
77,mozambique,2018,77,5805,4.0,4.0,PF,3.0,Civilian dictatorship,0.0,1.0,0.0,1.0,Filipe Jacinto Nyusi,2015.0,1959.0,0.0,0.0,0.0,0.0,0.0,"0,428571429",129.0,1.0,1.0,PR,250.0,0.0,1.0,2.0,"2,428571429",0.0,1.0,0.0,0.0,0.0,2.0,3.0,4.0,7.0,5.0,3.0,7.0,6.0,4.0,3.0,3.0,6.0,3.0,4.0,4.0,6.0,5.0,3.0,3.0,6.0,5.0,9.0,5.0,4.5,6.0,3.0,3.0,4.0,4.75,4.66666666666667,5.5,3.0,8.0,2.66666666666667,3.0,5.0,3.0,2.0,3.0,9.0,5.0,4.66666666666667,8.0,3.5,-0.7809925,-0.8742813,-0.8135263,-1.0435,-0.4660109,56.4,127.204156877743,503.318727177274,0.237801704,60.163,15.8137955723037
78,namibia,2008,78,5891,2.0,2.0,F,3.0,Civilian dictatorship,0.0,1.0,0.0,1.0,Hifikepunye Lucas Pohamba,2005.0,1935.0,0.0,0.0,0.0,0.0,0.0,"0,25",131.0,2.0,1.0,PR and appointed,78.0,0.0,1.0,2.0,"2,25",0.0,1.0,1.0,0.0,0.0,6.0,7.0,5.0,5.0,7.0,9.0,4.0,8.0,9.0,6.0,10.0,7.0,7.0,7.0,5.0,8.0,9.0,8.0,7.0,7.66666666666667,9.0,10.0,9.0,7.75,7.0,8.0,6.0,6.0,9.0,6.75,7.0,6.0,8.0,6.33333333333333,9.0,6.0,6.0,4.0,8.5,9.0,7.0,6.33333333333333,6.0,5.5,0.6075082,0.1828262,1.200234,0.3484189,0.450896,37.0,121.207317583358,4158.02948058774,0.01566022,53.817,13.7827890417544
79,namibia,2018,79,5901,3.0,2.0,F,3.0,Civilian dictatorship,0.0,1.0,0.0,1.0,Hage Gottfried Geingob,2015.0,1941.0,0.0,0.0,0.0,0.0,0.0,"0,5",131.0,2.0,1.0,PR and appointed,96.0,0.0,1.0,2.0,"2,5",0.0,1.0,1.0,0.0,0.0,5.0,7.0,5.0,4.0,6.0,8.0,4.0,9.0,9.0,4.0,9.0,6.0,5.0,6.0,5.0,9.0,8.0,9.0,7.0,7.0,9.0,9.0,8.0,7.0,7.0,7.0,5.0,6.0,8.5,6.75,6.0,5.0,8.0,5.0,6.0,6.0,6.0,3.0,7.5,8.0,6.0,6.33333333333333,6.0,5.5,0.3381373,0.106442,0.6988704,0.2446169,0.4868191,31.2,82.7490818923016,5495.42892533452,2.531061336,63.373,1.91164209121118
82,nigeria,2008,82,6227,5.0,4.0,PF,2.0,Presidential democracy,0.0,1.0,1.0,1.0,Umaru Musa Yar’Adua,2007.0,1951.0,0.0,0.0,0.0,0.0,0.0,"0,5",138.0,2.0,0.0,FPTP,358.0,0.0,1.0,3.0,"2,5",1.0,1.0,1.0,0.0,0.0,3.0,5.0,4.0,7.0,5.0,8.0,8.0,6.0,6.0,4.0,5.0,8.0,5.0,3.0,4.0,6.0,7.0,6.0,5.0,8.33333333333333,5.0,6.0,8.0,6.0,6.0,6.0,5.0,7.0,6.5,5.25,6.0,5.0,9.0,4.33333333333333,6.0,4.0,5.0,2.0,7.0,8.0,5.0,5.33333333333333,9.0,4.5,-0.8918832,-0.9768379,-1.860629,-1.038765,-0.7356038,88.0,40.7968353499,2242.87188553694,0.045102928,49.913,73.2357604771335
83,nigeria,2018,83,6237,3.0,5.0,PF,2.0,Presidential democracy,0.0,1.0,1.0,1.0,Muhammadu Buhari,2015.0,1942.0,0.0,0.0,0.0,0.0,0.0,"0,5",138.0,2.0,0.0,FPTP,360.0,0.0,1.0,3.0,"2,5",1.0,1.0,1.0,0.0,0.0,4.0,4.0,5.0,7.0,4.0,6.0,9.0,6.0,6.0,3.0,6.0,7.0,3.0,3.0,4.0,7.0,6.0,7.0,4.0,7.33333333333333,4.0,4.0,7.0,5.0,4.0,5.0,4.0,4.0,6.5,4.5,4.5,4.0,8.0,3.66666666666667,6.0,4.0,4.0,2.0,5.5,8.0,4.0,3.33333333333333,8.0,4.0,-1.046155,-1.022591,-2.090506,-0.8808043,-0.4080985,75.7,33.0078334908649,2027.77797925505,0.037761388,54.332,53.61222123459
84,pakistan,2008,84,6419,4.0,5.0,PF,0.0,Parliamentary democracy,0.0,0.0,1.0,0.0,Pervez Musharraf,1999.0,1943.0,0.0,0.0,0.0,0.0,0.0,"0,25",142.0,2.0,0.0,FPTP and reserved,342.0,0.0,1.0,3.0,"1,5",1.0,1.0,1.0,1.0,0.0,3.0,4.0,4.0,7.0,4.0,2.0,7.0,5.0,3.0,3.0,1.0,5.0,5.0,3.0,3.0,4.0,5.0,3.0,4.0,5.0,5.0,3.0,5.0,5.25,4.0,2.0,5.0,5.0,3.75,4.0,6.5,4.0,5.0,4.33333333333333,4.0,4.0,4.0,4.0,2.0,6.0,5.0,5.0,8.0,3.5,-0.8950734,-0.7237101,-2.572858,-0.968671,-0.8384035,72.8,35.5942014925682,990.846599619906,0.09792193,64.685,9.14307428221527
85,pakistan,2018,85,6429,5.0,5.0,PF,0.0,Parliamentary democracy,0.0,1.0,1.0,0.0,Mamnoon Hussain,2009.0,1940.0,0.0,0.0,0.0,0.0,0.0,"0,25",142.0,2.0,0.0,FPTP and reserved,342.0,0.0,1.0,3.0,"1,5",1.0,1.0,1.0,0.0,0.0,2.0,2.0,3.0,6.0,3.0,3.0,9.0,5.0,4.0,3.0,3.0,5.0,4.0,3.0,3.0,6.0,3.0,3.0,4.0,4.33333333333333,4.0,3.0,4.0,5.25,4.0,3.0,3.0,3.0,4.0,4.0,5.0,4.0,4.0,3.0,4.0,4.0,3.0,3.0,3.0,5.0,5.0,3.66666666666667,8.0,3.0,-0.7908247,-0.6338443,-2.257847,-0.6729922,-0.7991108,57.2,29.043321842986,1482.30566684338,0.853498388,67.114,10.3001990235993
86,panama,2008,86,6515,1.0,2.0,F,2.0,Presidential democracy,0.0,0.0,1.0,1.0,Martin Torrijos,2004.0,1963.0,0.0,0.0,0.0,0.0,0.0,1,144.0,1.0,1.0,Parallel SMD/PR,78.0,0.0,1.0,3.0,3,1.0,1.0,1.0,0.0,0.0,3.0,8.0,4.0,5.0,8.0,9.0,3.0,9.0,9.0,5.0,8.0,8.0,4.0,5.0,6.0,10.0,8.0,5.0,7.0,8.0,7.0,9.0,8.0,7.75,8.0,8.0,7.0,7.0,8.5,7.5,6.5,4.0,8.0,4.66666666666667,8.0,8.0,6.0,6.0,8.5,10.0,7.0,6.66666666666667,5.0,6.0,-0.0863936,0.1234344,-0.0970655,-0.1745903,0.600691,18.0,166.698578081635,7154.274496019,5.579596633,76.414,14.027728429472
87,panama,2018,87,6525,1.0,2.0,F,2.0,Presidential democracy,0.0,0.0,1.0,1.0,Juan Carlos Varela Rodríguez,2014.0,1963.0,0.0,0.0,0.0,0.0,0.0,1,144.0,1.0,1.0,Parallel SMD/PR,71.0,0.0,1.0,3.0,3,1.0,1.0,1.0,0.0,0.0,4.0,7.0,5.0,5.0,8.0,8.0,3.0,9.0,9.0,5.0,8.0,8.0,4.0,6.0,6.0,8.0,7.0,5.0,7.0,7.33333333333333,8.0,9.0,8.0,7.5,7.0,7.0,7.0,5.0,7.75,6.75,7.5,5.0,8.0,5.0,7.0,7.0,6.0,5.0,7.5,10.0,7.0,6.66666666666667,5.0,6.0,-0.5544491,-0.019452,0.2688772,-0.0924071,0.5728099,13.2,89.3921527080435,15592.573678922,12.93361128,78.329,43.9842125889711
88,paraguay,2008,88,6611,3.0,3.0,PF,2.0,Presidential democracy,0.0,0.0,1.0,1.0,Nicanor Duarte Frutos,2003.0,1956.0,0.0,0.0,0.0,0.0,0.0,1,146.0,2.0,1.0,List PR,80.0,0.0,1.0,3.0,3,1.0,1.0,1.0,1.0,0.0,4.0,6.0,5.0,6.0,6.0,7.0,3.0,7.0,7.0,5.0,8.0,7.0,5.0,5.0,4.0,7.0,7.0,5.0,6.0,7.66666666666667,7.0,10.0,8.0,4.75,7.0,7.0,6.0,7.0,7.5,5.5,6.0,4.0,8.0,5.0,8.0,5.0,5.0,4.0,7.0,9.0,6.0,7.0,7.0,4.5,-0.9771966,-0.8867102,-0.724695,-0.928021,-0.1157367,23.2,76.1604510612211,4041.58387643025,0.21048145,72.251,10.4858523577357
89,paraguay,2018,89,6621,3.0,3.0,PF,2.0,Presidential democracy,0.0,0.0,1.0,1.0,Horacio Manuel Cartes Jara,2014.0,1956.0,0.0,0.0,0.0,0.0,0.0,1,146.0,2.0,1.0,List PR,80.0,0.0,1.0,3.0,3,1.0,1.0,1.0,1.0,0.0,5.0,6.0,5.0,6.0,7.0,6.0,4.0,7.0,7.0,5.0,8.0,8.0,6.0,4.0,5.0,8.0,6.0,5.0,6.0,8.0,6.0,9.0,8.0,5.75,7.0,6.0,6.0,7.0,7.5,5.75,6.5,4.0,8.0,5.66666666666667,7.0,5.0,5.0,4.0,6.0,9.0,6.0,6.66666666666667,7.0,5.0,-0.8388299,-0.5172144,-0.0713127,-0.523654,0.0554064,17.2,70.6757670870668,5805.67561638869,4.610364537,74.131,30.8797687739614
90,peru,2008,90,6659,2.0,3.0,F,2.0,Presidential democracy,0.0,0.0,1.0,1.0,Alan Garcia Perez,2006.0,1948.0,0.0,0.0,0.0,0.0,0.0,1,147.0,1.0,1.0,List PR (large multi-member),130.0,0.0,1.0,3.0,3,1.0,1.0,1.0,0.0,0.0,4.0,6.0,5.0,6.0,6.0,7.0,5.0,8.0,8.0,4.0,8.0,8.0,5.0,5.0,5.0,8.0,8.0,6.0,4.0,8.33333333333333,6.0,9.0,8.0,7.75,4.0,6.0,6.0,6.0,8.0,4.5,7.5,6.0,8.0,5.0,7.0,5.0,5.0,4.0,6.5,9.0,7.0,6.0,5.0,5.0,-0.1869539,-0.3564379,-0.8907055,-0.7044131,0.1521348,17.3,58.4337673899053,4220.61696939507,2.540280608,73.826,4.78018165233469
91,peru,2018,91,6669,2.0,3.0,F,2.0,Presidential democracy,0.0,0.0,1.0,1.0,Martin Alberto Vizcarra Cornejo,2018.0,1963.0,0.0,0.0,0.0,0.0,0.0,1,147.0,1.0,1.0,List PR (large multi-member),130.0,0.0,1.0,3.0,3,1.0,1.0,1.0,0.0,0.0,5.0,6.0,6.0,6.0,6.0,7.0,5.0,7.0,8.0,5.0,8.0,7.0,6.0,6.0,5.0,7.0,8.0,6.0,5.0,8.0,6.0,9.0,8.0,8.25,4.0,6.0,7.0,5.0,7.75,4.5,8.0,6.0,8.0,6.0,8.0,5.0,6.0,5.0,6.5,9.0,7.0,5.66666666666667,6.0,5.5,-0.5318839,-0.2454309,-0.2617153,-0.5298474,0.2292641,10.7,48.9137033022597,6941.23584763012,7.927901427,76.516,4.8285385201956
92,philippines,2008,92,6707,4.0,3.0,PF,2.0,Presidential democracy,0.0,0.0,1.0,1.0,Gloria Macapagal-Arroyo,2001.0,1947.0,0.0,1.0,0.0,0.0,0.0,1,148.0,2.0,0.0,Mixed member SMD/PR,270.0,0.0,1.0,3.0,3,1.0,1.0,1.0,0.0,0.0,3.0,6.0,5.0,4.0,5.0,6.0,6.0,7.0,5.0,4.0,6.0,7.0,5.0,5.0,4.0,6.0,6.0,7.0,6.0,8.0,6.0,8.0,7.0,6.5,5.0,6.0,5.0,3.0,6.25,5.75,7.5,4.0,9.0,4.33333333333333,9.0,6.0,5.0,5.0,6.0,7.0,7.0,4.33333333333333,6.0,4.5,-0.7562126,0.016421,-1.778313,-0.5456504,-0.1387526,25.4,67.6810707730401,1991.23154167359,1.150377772,69.515,77.5684870771085
93,philippines,2018,93,6717,3.0,3.0,PF,2.0,Presidential democracy,0.0,0.0,1.0,1.0,Rodrigo Roa Duterte,2016.0,1945.0,0.0,0.0,0.0,0.0,0.0,1,148.0,2.0,0.0,Mixed member SMD/PR,292.0,0.0,1.0,3.0,3,1.0,1.0,1.0,0.0,0.0,4.0,4.0,5.0,4.0,5.0,7.0,6.0,6.0,4.0,5.0,6.0,6.0,4.0,7.0,7.0,7.0,6.0,7.0,7.0,6.33333333333333,5.0,7.0,8.0,7.0,4.0,7.0,7.0,6.0,6.75,5.75,6.5,5.0,7.0,5.0,6.0,6.0,5.0,5.0,7.0,7.0,7.0,5.33333333333333,7.0,6.0,-0.5448732,0.0495094,-1.082172,-0.4777236,0.0393487,22.2,72.1633982990273,3252.09232413346,3.552217048,71.095,80.7921795455908
94,poland,2008,94,6755,1.0,1.0,F,1.0,Mixed democratic,0.0,0.0,1.0,1.0,Lech Kaczynski,2005.0,1949.0,0.0,0.0,0.0,0.0,0.0,"0,714285714",149.0,2.0,1.0,List PR (large multi-member),460.0,0.0,1.0,3.0,"2,714285714",1.0,1.0,1.0,1.0,0.0,7.0,9.0,5.0,2.0,5.0,9.0,3.0,9.0,8.0,8.0,10.0,7.0,6.0,8.0,8.0,10.0,8.0,9.0,9.0,7.0,10.0,9.0,10.0,9.5,5.0,8.0,5.0,5.0,9.5,7.5,9.0,8.0,7.0,6.0,9.0,8.0,8.0,9.0,8.5,10.0,10.0,6.0,2.0,8.0,0.4613512,0.4732433,0.9104813,0.5465031,0.9534822,5.8,80.905760942025,13996.0251506835,11.63467137,75.5439024390244,57.5518249632949
95,poland,2018,95,6765,2.0,2.0,F,1.0,Mixed democratic,0.0,0.0,1.0,1.0,Andrzej Sebastian Duda,2015.0,1972.0,0.0,0.0,0.0,0.0,0.0,"0,714285714",149.0,2.0,1.0,List PR (large multi-member),460.0,0.0,1.0,3.0,"2,714285714",1.0,1.0,1.0,0.0,0.0,8.0,9.0,7.0,1.0,8.0,8.0,2.0,9.0,8.0,8.0,10.0,8.0,7.0,6.0,8.0,10.0,8.0,7.0,9.0,8.33333333333333,10.0,8.0,9.0,9.75,7.0,8.0,8.0,7.0,9.25,8.0,10.0,8.0,9.0,7.66666666666667,8.0,8.0,9.0,8.0,8.0,10.0,10.0,7.0,2.0,8.5,0.6415238,0.6626508,0.5001909,0.4274491,0.7249803,3.8,107.420264852903,15468.4822194105,20.70435756,77.6024390243903,54.0575513148037
96,rwanda,2008,96,6995,6.0,5.0,NF,4.0,Military dictatorship,0.0,0.0,0.0,1.0,Paul Kagame,2000.0,1957.0,0.0,0.0,0.0,0.0,0.0,"0,25",155.0,2.0,1.0,Largest remainder,80.0,0.0,1.0,2.0,"2,25",0.0,1.0,0.0,0.0,0.0,4.0,3.0,3.0,8.0,5.0,2.0,7.0,5.0,2.0,4.0,2.0,6.0,7.0,3.0,4.0,4.0,3.0,2.0,3.0,5.33333333333333,9.0,10.0,4.0,5.25,2.0,2.0,6.0,4.0,3.25,2.33333333333333,3.5,3.0,5.0,5.66666666666667,4.0,2.0,4.0,2.0,2.0,5.0,7.0,4.33333333333333,9.0,4.0,0.0962692,-0.1310468,-0.3239338,-0.4772869,-1.311892,51.4,37.5219662247117,543.765076219239,0.011759105,60.612,3.03389898492935
97,rwanda,2018,97,7005,6.0,6.0,NF,4.0,Military dictatorship,0.0,1.0,0.0,1.0,Paul Kagame,2000.0,1957.0,0.0,0.0,0.0,0.0,0.0,0,155.0,2.0,1.0,Largest remainder,80.0,0.0,1.0,2.0,2,0.0,1.0,0.0,0.0,0.0,6.0,3.0,3.0,9.0,5.0,2.0,6.0,5.0,2.0,6.0,2.0,8.0,6.0,6.0,6.0,2.0,3.0,4.0,2.0,7.0,9.0,10.0,3.0,6.5,3.0,2.0,7.0,5.0,2.5,2.66666666666667,5.5,5.0,7.0,6.33333333333333,3.0,3.0,6.0,3.0,2.0,8.0,7.0,5.0,8.0,6.0,0.5783511,0.2068089,0.1185909,0.1178017,-1.127887,27.3,55.8214030154997,783.287184222986,0.060973974,68.7,11.2877071864708
98,senegal,2008,98,7235,3.0,3.0,PF,1.0,Mixed democratic,0.0,0.0,1.0,1.0,Abdoulaye Wade,2000.0,1926.0,0.0,0.0,0.0,0.0,0.0,"0,6",159.0,2.0,0.0,Parallel SMD/PR,150.0,0.0,1.0,3.0,"2,6",1.0,1.0,1.0,0.0,0.0,5.0,7.0,7.0,5.0,6.0,9.0,5.0,8.0,9.0,3.0,9.0,8.0,5.0,4.0,4.0,8.0,7.0,6.0,4.0,8.33333333333333,7.0,8.0,9.0,5.25,4.0,7.0,6.0,6.0,8.25,5.75,6.5,5.0,9.0,5.33333333333333,6.0,7.0,4.0,2.0,8.0,9.0,6.0,5.66666666666667,7.0,4.0,-0.4978309,-0.1558527,-0.1476973,-0.2803597,-0.2135035,46.2,62.0420615119631,1411.92933206154,0.394495456,62.88,17.2706685542655
99,senegal,2018,99,7245,2.0,3.0,F,1.0,Mixed democratic,0.0,0.0,1.0,1.0,Macky Sall,2012.0,1961.0,0.0,0.0,0.0,0.0,0.0,"0,8",159.0,1.0,0.0,Parallel SMD/PR,150.0,0.0,1.0,3.0,"2,8",1.0,1.0,1.0,1.0,0.0,5.0,7.0,7.0,5.0,8.0,9.0,4.0,9.0,9.0,3.0,8.0,9.0,6.0,5.0,5.0,8.0,8.0,6.0,5.0,8.66666666666667,7.0,6.0,8.0,5.75,4.0,7.0,7.0,6.0,8.0,6.25,7.0,6.0,9.0,6.0,6.0,7.0,5.0,2.0,8.0,9.0,6.0,6.66666666666667,7.0,5.0,-0.0249317,-0.2678156,-0.0929849,-0.2082493,0.2403084,33.6,60.5156729330092,1465.59100640191,0.818830296,67.665,14.6105380826371
100,serbia,2008,100,7283,3.0,2.0,F,1.0,Mixed democratic,0.0,0.0,1.0,0.0,Boris Tadić,2004.0,1958.0,0.0,0.0,0.0,0.0,0.0,"0,777777778",160.0,1.0,1.0,List PR,250.0,0.0,1.0,3.0,"2,777777778",1.0,1.0,1.0,1.0,0.0,6.0,7.0,5.0,4.0,6.0,8.0,4.0,8.0,8.0,6.0,9.0,7.0,5.0,7.0,7.0,9.0,8.0,6.0,7.0,7.33333333333333,9.0,9.0,9.0,6.5,7.0,7.0,5.0,5.0,8.75,6.75,6.5,7.0,8.0,5.33333333333333,8.0,5.0,7.0,6.0,7.5,8.0,9.0,6.0,4.0,7.0,-0.312101,-0.1915558,-0.5438424,-0.4950255,0.2817037,6.9,78.679488043902,7101.04014116862,5.046090536,73.8853658536585,32.2334611520403
101,serbia,2018,101,7293,3.0,3.0,PF,1.0,Mixed democratic,0.0,0.0,1.0,0.0,Aleksandar Vučić,2017.0,1970.0,0.0,0.0,0.0,0.0,0.0,"0,777777778",160.0,1.0,1.0,List PR,250.0,0.0,1.0,3.0,"2,777777778",1.0,1.0,1.0,0.0,0.0,6.0,8.0,7.0,4.0,7.0,8.0,3.0,8.0,7.0,7.0,9.0,8.0,7.0,7.0,7.0,8.0,7.0,6.0,7.0,7.66666666666667,9.0,8.0,9.0,8.25,7.0,7.0,7.0,7.0,8.25,7.0,7.5,6.0,7.0,6.66666666666667,7.0,7.0,7.0,6.0,7.5,9.0,10.0,7.0,5.0,7.0,-0.3702491,0.1116198,0.0172842,-0.1466,0.003124,4.8,109.494865710998,7252.40185773992,17.6326636,75.890243902439,44.7948254986565
102,singapore,2008,102,7475,5.0,4.0,PF,3.0,Civilian dictatorship,0.0,1.0,0.0,0.0,"Sellapan ""S.R."" Ramanathan",1999.0,1924.0,0.0,0.0,0.0,0.0,0.0,1,163.0,1.0,0.0,FPTP,94.0,0.0,1.0,2.0,3,0.0,1.0,0.0,0.0,0.0,10.0,6.0,5.0,6.0,8.0,2.0,2.0,7.0,2.0,10.0,2.0,5.0,10.0,9.0,8.0,5.0,3.0,5.0,4.0,8.33333333333333,10.0,10.0,3.0,10.0,8.0,2.0,10.0,5.0,3.25,5.33333333333333,9.5,10.0,10.0,10.0,4.0,4.0,8.0,10.0,2.0,10.0,10.0,5.0,1.0,8.0,2.247644,2.436975,1.345581,1.606087,-0.3348355,2.2,437.326714891057,40007.469261214,22.4297312,80.790243902439,67.0877254255703
103,singapore,2018,103,7485,4.0,4.0,PF,3.0,Civilian dictatorship,0.0,1.0,0.0,0.0,Halimah binti Yacob,2017.0,1954.0,0.0,1.0,0.0,0.0,0.0,1,163.0,1.0,0.0,FPTP,99.0,0.0,1.0,2.0,3,0.0,1.0,0.0,0.0,0.0,9.0,6.0,5.0,6.0,8.0,2.0,3.0,7.0,2.0,10.0,3.0,8.0,9.0,8.0,8.0,5.0,3.0,5.0,4.0,9.0,10.0,10.0,3.0,9.75,7.0,3.0,10.0,5.0,3.5,5.33333333333333,9.0,9.0,10.0,9.33333333333333,3.0,5.0,8.0,9.0,2.5,10.0,10.0,5.0,1.0,8.0,2.174833,2.231474,1.494179,1.843841,-0.0589202,2.1,326.938834537953,66188.7793961798,25.94181953,83.1463414634146,70.6068358703097
104,slovenia,2008,104,7571,1.0,1.0,F,0.0,Parliamentary democracy,0.0,0.0,1.0,0.0,Danilo Türk,2007.0,1952.0,0.0,0.0,0.0,0.0,0.0,1,166.0,2.0,1.0,List PR,90.0,0.0,1.0,3.0,3,1.0,1.0,1.0,0.0,0.0,8.0,10.0,7.0,1.0,8.0,10.0,1.0,10.0,10.0,9.0,10.0,8.0,8.0,9.0,9.0,10.0,9.0,10.0,10.0,8.66666666666667,10.0,9.0,10.0,9.0,8.0,10.0,9.0,8.0,9.75,9.25,9.5,9.0,9.0,8.33333333333333,10.0,9.0,10.0,10.0,10.0,10.0,10.0,8.33333333333333,1.0,9.5,0.9819186,1.187827,1.147953,1.008982,1.017365,2.9,134.73152161893,27483.3371698569,21.02239587,78.7658536585366,62.0366748913654
105,slovenia,2018,105,7581,1.0,1.0,F,0.0,Parliamentary democracy,0.0,0.0,1.0,0.0,Borut Pahor,2012.0,1963.0,0.0,0.0,0.0,0.0,0.0,1,166.0,2.0,1.0,List PR,90.0,0.0,1.0,3.0,3,1.0,1.0,1.0,1.0,0.0,8.0,9.0,8.0,1.0,8.0,10.0,2.0,10.0,10.0,8.0,10.0,9.0,8.0,10.0,9.0,10.0,8.0,9.0,9.0,9.0,10.0,8.0,10.0,9.25,7.0,10.0,8.0,7.0,9.5,8.0,9.0,9.0,9.0,8.0,10.0,9.0,9.0,10.0,10.0,10.0,10.0,7.66666666666667,1.0,9.0,0.8703502,1.125806,0.9082088,1.057792,0.9921399,1.7,161.102271299837,26115.9133661854,29.48956054,81.3780487804878,63.7174260134267
106,south africa,2008,106,7715,2.0,2.0,F,3.0,Civilian dictatorship,0.0,1.0,0.0,1.0,Thabo Mvuyelwa Mbeki,1999.0,1942.0,0.0,0.0,0.0,0.0,0.0,"0,166666667",169.0,2.0,1.0,PR and Droop quota,400.0,0.0,1.0,2.0,"2,166666667",0.0,1.0,1.0,0.0,0.0,7.0,8.0,7.0,3.0,8.0,9.0,5.0,9.0,8.0,6.0,10.0,8.0,6.0,8.0,7.0,10.0,10.0,8.0,8.0,9.0,9.0,10.0,10.0,8.5,7.0,8.0,7.0,8.0,10.0,7.5,8.0,7.0,10.0,6.66666666666667,9.0,7.0,6.0,5.0,8.5,9.0,8.0,8.0,6.0,6.5,0.2112635,0.5094988,0.0497333,0.0725051,0.5756481,41.2,72.865390240783,5760.80528723832,0.855774462,55.36,51.1381695529715
107,south africa,2018,107,7725,2.0,2.0,F,3.0,Civilian dictatorship,0.0,1.0,0.0,1.0,Matamela Cyril Ramaphosa,2018.0,1952.0,0.0,0.0,0.0,0.0,0.0,"0,333333333",169.0,2.0,1.0,PR and Droop quota,400.0,0.0,1.0,2.0,"2,333333333",0.0,1.0,1.0,0.0,0.0,5.0,8.0,6.0,3.0,7.0,8.0,4.0,8.0,9.0,5.0,8.0,8.0,5.0,7.0,6.0,8.0,7.0,9.0,8.0,7.66666666666667,8.0,9.0,7.0,8.25,7.0,8.0,7.0,7.0,7.5,7.0,7.0,6.0,7.0,5.66666666666667,7.0,6.0,6.0,4.0,8.0,8.0,7.0,6.66666666666667,6.0,6.0,-0.0230474,0.3403786,-0.2191116,-0.1027109,0.6589735,27.8,59.470333710239,6374.02819575944,1.915495359,63.857,46.5733434524136
108,sri lanka,2008,108,7907,4.0,4.0,PF,2.0,Presidential democracy,0.0,1.0,1.0,1.0,Mahinda Rajapakse,2005.0,1945.0,0.0,0.0,0.0,0.0,0.0,1,172.0,1.0,1.0,List PR (large multi-member),225.0,0.0,1.0,3.0,3,1.0,1.0,1.0,0.0,0.0,6.0,5.0,6.0,5.0,4.0,6.0,7.0,6.0,6.0,5.0,6.0,7.0,5.0,5.0,6.0,7.0,7.0,8.0,6.0,7.66666666666667,4.0,7.0,7.0,8.0,6.0,7.0,6.0,5.0,6.75,6.0,8.0,5.0,9.0,5.66666666666667,7.0,5.0,6.0,6.0,6.5,6.0,7.0,5.0,6.0,6.0,-0.2252109,-0.1228165,-1.796857,-0.0118438,-0.4648744,10.6,63.369043608222,2037.32210302668,0.510018423,75.157,9.25509571359014
109,sri lanka,2018,109,7917,3.0,4.0,PF,2.0,Presidential democracy,0.0,1.0,1.0,1.0,Maithripala Sirisena,2015.0,1951.0,0.0,0.0,0.0,0.0,0.0,1,172.0,1.0,1.0,List PR (large multi-member),225.0,0.0,1.0,3.0,3,1.0,1.0,1.0,0.0,0.0,5.0,5.0,7.0,5.0,7.0,6.0,5.0,7.0,7.0,6.0,7.0,7.0,5.0,4.0,6.0,8.0,7.0,7.0,7.0,7.66666666666667,9.0,7.0,7.0,6.75,6.0,6.0,6.0,6.0,7.25,6.25,7.5,5.0,9.0,5.33333333333333,7.0,5.0,7.0,6.0,6.0,6.0,7.0,5.66666666666667,6.0,6.5,-0.3355731,-0.2353793,-0.1367198,0.0260529,0.0100555,6.4,53.2274151312643,4080.56712469552,7.274625469,76.812,10.5132203994222
114,turkey,2008,114,8819,3.0,3.0,PF,1.0,Mixed democratic,0.0,0.0,1.0,1.0,Abdullah Gül,2007.0,1949.0,0.0,0.0,0.0,0.0,0.0,"0,625",191.0,1.0,1.0,List PR(small multi-member),550.0,0.0,1.0,3.0,"2,5",1.0,1.0,1.0,1.0,0.0,5.0,6.0,8.0,5.0,6.0,7.0,5.0,8.0,8.0,8.0,7.0,9.0,5.0,5.0,7.0,8.0,6.0,7.0,7.0,8.0,8.0,8.0,7.0,8.0,7.0,7.0,9.0,8.0,7.0,6.75,8.0,6.0,7.0,6.33333333333333,8.0,6.0,5.0,6.0,7.0,7.0,8.0,8.0,3.0,6.0,0.1123597,0.2686568,-0.8235704,0.0830613,-0.0412864,18.0,50.5482538971582,10940.9912499593,8.175346674,73.649,42.2071729155633
115,turkey,2018,115,8829,5.0,6.0,NF,3.0,Civilian dictatorship,0.0,0.0,0.0,1.0,Recep Tayyip Erdoğan,2014.0,1954.0,0.0,0.0,0.0,0.0,0.0,"0,625",191.0,1.0,1.0,List PR(small multi-member),550.0,0.0,1.0,2.0,"2,5",0.0,1.0,0.0,1.0,0.0,5.0,4.0,3.0,5.0,3.0,5.0,7.0,6.0,4.0,6.0,9.0,8.0,5.0,4.0,7.0,7.0,4.0,4.0,6.0,6.33333333333333,6.0,6.0,4.0,8.0,6.0,5.0,6.0,6.0,6.0,5.75,8.0,5.0,6.0,5.33333333333333,4.0,5.0,7.0,5.0,5.0,7.0,8.0,6.0,5.0,7.0,-0.3354134,0.0060968,-1.308683,-0.3194206,-0.8313113,9.2,62.5474067902739,9455.59365384828,16.28274432,77.437,44.4607527035354
116,ukraine,2008,116,9011,3.0,2.0,F,1.0,Mixed democratic,0.0,0.0,1.0,1.0,Viktor Andriyovych Yushchenko,2005.0,1954.0,0.0,0.0,0.0,0.0,0.0,"0,714285714",196.0,1.0,1.0,List PR(large multi-member),450.0,0.0,1.0,3.0,"2,714285714",1.0,1.0,1.0,1.0,0.0,4.0,8.0,5.0,5.0,7.0,8.0,4.0,7.0,7.0,7.0,7.0,6.0,4.0,5.0,6.0,8.0,8.0,7.0,5.0,7.33333333333333,9.0,10.0,8.0,7.0,6.0,7.0,5.0,6.0,7.75,6.0,6.0,5.0,8.0,4.33333333333333,7.0,6.0,6.0,5.0,7.5,9.0,7.0,6.33333333333333,5.0,6.0,-0.8384962,-0.7180725,0.0424114,-0.6813426,0.0906661,11.1,96.9473071834836,3887.24233680525,3.464220984,68.2514634146342,45.0307941051204
117,ukraine,2018,117,9021,3.0,4.0,PF,1.0,Mixed democratic,0.0,0.0,1.0,1.0,Petro Oleksiyovych Poroshenko,2014.0,1965.0,0.0,0.0,0.0,0.0,0.0,"0,714285714",196.0,1.0,1.0,List PR(large multi-member),450.0,0.0,1.0,3.0,"2,714285714",1.0,1.0,1.0,0.0,0.0,5.0,7.0,7.0,4.0,4.0,8.0,9.0,7.0,7.0,6.0,6.0,7.0,5.0,5.0,7.0,8.0,7.0,6.0,6.0,7.0,5.0,9.0,9.0,6.75,4.0,7.0,6.0,7.0,7.5,5.75,6.5,5.0,8.0,5.33333333333333,7.0,7.0,6.0,5.0,7.5,8.0,8.0,6.0,7.0,6.5,-0.8737929,-0.4152199,-1.858748,-0.7177447,-0.0124108,7.4,99.1189958085669,3096.81740221352,12.80325605,71.5826829268293,35.3746457744227
118,uruguay,2008,118,9203,1.0,1.0,F,2.0,Presidential democracy,0.0,0.0,1.0,1.0,Tabaré Ramón Vázquez Rosas,2005.0,1940.0,0.0,0.0,0.0,0.0,0.0,1,200.0,2.0,1.0,List PR(small multi-member),99.0,0.0,1.0,3.0,3,1.0,1.0,1.0,0.0,0.0,7.0,10.0,9.0,2.0,9.0,10.0,1.0,10.0,10.0,6.0,10.0,10.0,7.0,7.0,9.0,10.0,10.0,10.0,10.0,9.66666666666667,10.0,10.0,10.0,7.75,9.0,10.0,6.0,7.0,10.0,9.5,8.5,10.0,9.0,6.66666666666667,10.0,9.0,8.0,8.0,10.0,10.0,10.0,8.0,3.0,8.5,1.308401,0.5009665,0.8462693,0.5952185,1.062145,10.3,65.2080950074579,9091.07903890419,7.320803025,76.437,22.3916925063162
119,uruguay,2018,119,9213,1.0,1.0,F,2.0,Presidential democracy,0.0,0.0,1.0,1.0,Tabaré Ramón Vázquez Rosas,2015.0,1940.0,0.0,0.0,0.0,0.0,0.0,1,200.0,2.0,1.0,List PR(small multi-member),99.0,0.0,1.0,3.0,3,1.0,1.0,1.0,0.0,0.0,9.0,10.0,10.0,2.0,10.0,10.0,1.0,10.0,10.0,7.0,10.0,10.0,7.0,8.0,9.0,10.0,10.0,10.0,10.0,10.0,10.0,10.0,10.0,8.5,10.0,10.0,9.0,9.0,10.0,9.75,10.0,10.0,10.0,8.33333333333333,10.0,9.0,9.0,7.0,10.0,10.0,10.0,8.33333333333333,2.0,9.0,1.259947,0.5582148,1.041839,0.5945194,1.214225,6.5,39.9922435701169,17277.9701105496,28.33601746,77.77,22.4881894714827
120,uzbekistan,2008,120,9299,7.0,7.0,NF,3.0,Civilian dictatorship,0.0,0.0,0.0,1.0,Islam Karimov,1991.0,1938.0,0.0,0.0,0.0,0.0,0.0,"0,2",202.0,2.0,1.0,Party list PR,120.0,0.0,1.0,2.0,"1,8",0.0,1.0,0.0,0.0,0.0,2.0,2.0,2.0,7.0,3.0,2.0,5.0,2.0,2.0,5.0,2.0,3.0,3.0,4.0,4.0,2.0,2.0,3.0,2.0,2.66666666666667,7.0,9.0,3.0,3.0,2.0,2.0,3.0,2.0,2.25,2.33333333333333,3.0,2.0,3.0,2.66666666666667,2.0,3.0,5.0,3.0,2.0,7.0,6.0,2.33333333333333,7.0,4.5,-1.063894,-0.8726988,-1.209089,-1.166035,-2.100143,33.5,79.7479920348578,1082.28602501699,0.238752101,69.193,36.7353551898662
121,uzbekistan,2018,121,9309,7.0,6.0,NF,3.0,Civilian dictatorship,0.0,0.0,0.0,1.0,Shavkat Miromonovich Mirziyoyev,2016.0,1957.0,0.0,0.0,0.0,0.0,0.0,"0,2",202.0,2.0,1.0,Party list PR,150.0,0.0,1.0,2.0,"2,2",0.0,1.0,0.0,0.0,0.0,2.0,2.0,2.0,9.0,5.0,1.0,4.0,2.0,2.0,5.0,2.0,3.0,3.0,5.0,5.0,2.0,2.0,2.0,2.0,3.33333333333333,9.0,9.0,3.0,3.0,2.0,1.0,3.0,2.0,2.25,2.33333333333333,3.0,3.0,4.0,2.66666666666667,2.0,3.0,4.0,4.0,1.0,8.0,6.0,2.66666666666667,7.0,4.5,-1.068842,-0.5470828,-0.2870433,-1.07343,-1.615689,16.5,66.6279846107879,1529.08286351335,12.69699784,71.573,29.0009874101297
122,zambia,2008,122,9779,3.0,3.0,PF,3.0,Civilian dictatorship,0.0,1.0,0.0,1.0,Rupiah Banda,2008.0,1937.0,0.0,0.0,0.0,0.0,0.0,"0,285714286",207.0,1.0,0.0,FPTP,159.0,0.0,1.0,2.0,"2,285714286",0.0,1.0,1.0,0.0,0.0,4.0,6.0,6.0,6.0,7.0,8.0,3.0,7.0,9.0,4.0,8.0,8.0,5.0,4.0,4.0,7.0,7.0,7.0,6.0,7.66666666666667,9.0,9.0,6.0,6.5,4.0,6.0,5.0,5.0,7.0,5.75,7.0,5.0,7.0,4.66666666666667,6.0,6.0,3.0,2.0,7.0,9.0,6.0,5.66666666666667,8.0,3.5,-0.3910125,-0.7344369,0.4698419,-0.4080009,-0.1611002,55.9,59.4548891205874,1394.00060846687,0.044386401,52.606,14.161193703467
123,zambia,2018,123,9789,4.0,4.0,PF,2.0,Presidential democracy,0.0,1.0,1.0,1.0,Edgar Chagwa Lungu,2015.0,1956.0,0.0,0.0,0.0,0.0,0.0,"0,285714286",207.0,1.0,0.0,FPTP,159.0,0.0,1.0,3.0,"2,285714286",1.0,1.0,1.0,0.0,0.0,3.0,5.0,5.0,6.0,6.0,6.0,4.0,7.0,6.0,4.0,8.0,7.0,4.0,3.0,5.0,6.0,5.0,5.0,5.0,6.66666666666667,9.0,8.0,5.0,6.25,4.0,6.0,4.0,6.0,6.0,5.25,5.5,4.0,7.0,3.66666666666667,6.0,6.0,4.0,3.0,6.0,8.0,6.0,6.0,7.0,4.5,-0.6562852,-0.5592093,0.0938291,-0.3450496,-0.3190484,43.4,74.8882466430453,1516.39066079862,0.416258734,63.51,27.4237854572562
124,zimbabwe,2008,124,9827,7.0,6.0,NF,3.0,Civilian dictatorship,0.0,0.0,0.0,1.0,Robert Mugabe,1987.0,1924.0,0.0,0.0,0.0,0.0,0.0,"0,25",208.0,2.0,0.0,FPTP,210.0,0.0,1.0,2.0,"2,25",0.0,1.0,0.0,1.0,0.0,3.0,2.0,2.0,6.0,1.0,2.0,6.0,3.0,3.0,3.0,2.0,2.0,2.0,4.0,4.0,3.0,3.0,3.0,5.0,2.33333333333333,6.0,10.0,3.0,3.75,6.0,2.0,2.0,1.0,2.75,5.33333333333333,3.5,3.0,3.0,2.33333333333333,3.0,5.0,3.0,3.0,2.0,8.0,4.0,1.33333333333333,8.0,3.5,-1.355687,-1.528042,-1.213945,-1.781623,-1.549031,56.4,109.521637189894,356.693349652722,0.145401097,46.504,30.9223958738889
125,zimbabwe,2018,125,9837,5.0,5.0,PF,4.0,Military dictatorship,0.0,0.0,0.0,1.0,Emmerson Dambudzo Mnangagwa,2017.0,1942.0,0.0,0.0,0.0,0.0,0.0,"0,5",208.0,2.0,0.0,FPTP,210.0,0.0,1.0,2.0,"2,5",0.0,1.0,0.0,0.0,0.0,2.0,3.0,2.0,6.0,3.0,2.0,6.0,3.0,2.0,4.0,2.0,4.0,2.0,3.0,3.0,3.0,4.0,3.0,3.0,3.33333333333333,9.0,8.0,4.0,3.25,4.0,3.0,2.0,3.0,3.25,3.66666666666667,2.5,2.0,4.0,2.0,3.0,4.0,3.0,2.0,2.5,7.0,4.0,2.33333333333333,7.0,3.0,-1.234743,-1.19886,-0.7134061,-1.273343,-1.123221,39.3,50.0053614411136,1683.74057709465,1.40632166,61.195,19.4127738454565
